"v_spot_index","alsfc_ctprvn_nm","alsfc_signgu_nm","alsfc_nm","alsfc_rprsntv_tel_no","alsfc_addr","alsfc_detail_addr","alsfc_main_item_nm","alsfc_lo","alsfc_la"
1,서울,용산구,더아이다움,"02-711-1998",서울특별시 용산구 효창원로66길 17,"3층 더아이다움(효창동)",기타종목,"126.9629456","37.5409915"
2,서울,성동구,서울숲 탁구클럽,"02-6104-0120",서울특별시 성동구 상원4길 9,대신빌딩 지하(성수동1가),탁구,"127.0497012","37.547293"
3,서울,광진구,삼손스포츠수기명가,"",서울특별시 광진구 아차산로65길 14,B1층 삼손스포츠수기명가(구의동),헬스,"127.0940943","37.5410236"
4,서울,광진구,바디멀티필라테스 아차산점,"02-455-3205",서울특별시 광진구 천호대로 677,세진빌딩4층(구의동),필라테스,"127.0907297","37.5508158"
5,서울,성동구,민앤마이노,"02-3394-6070",서울특별시 성동구 천호대로 424,"4층 민앤마이노(용답동)",유도,"127.0660181","37.5609457"
6,서울,동대문구,유오에스필라요가,"02-2066-1982",서울특별시 동대문구 서울시립대로 163,웰니스센터 2층 필라테스 룸(전농동),필라테스,"127.0588564","37.583639"
7,서울,성북구,경희삼선체육관,"02-743-9158",서울특별시 성북구 보문로29다길 7,"3층 경희삼선체육관(삼선동3가)",태권도,"127.0133605","37.5855426"
8,서울,광진구,따숨,"",서울특별시 광진구 자양로 284,"2층(구의동)",기타종목,"127.0918282","37.5511103"
9,서울,동대문구,경희태권도,"02-964-6801",서울특별시 동대문구 제기로 131,"한신상가 5층(청량리동, 한신아파트)",태권도,"127.0494012","37.5881072"
10,서울,성북구,국제복싱체육관,"07-0816-11212",서울특별시 성북구 보문로 189,측면 3층 국제복싱체육관(삼선동4가),복싱,"127.0142997","37.5906217"
11,서울,성북구,심윤희댄스,"",서울특별시 성북구 동소문로 92,"9층(동소문동5가)",댄스,"127.0155017","37.5921783"
12,서울,동대문구,장안휘트니스,"07-0811-16228",서울특별시 동대문구 답십리로 252,"4층 장안휘트니스(장안동)",헬스,"127.0682309","37.5722491"
13,서울,종로구,종로구민회관,"02-3672-2530",서울특별시 종로구 지봉로5길 7-5,종로구민회관(창신동),헬스,"127.0144451","37.573459"
14,서울,성동구,마요재활트레이닝센터,"",서울특별시 성동구 독서당로59길 84,신동아 상가  205호(행당동),헬스,"127.0336747","37.5552743"
15,서울,성동구,마장국민체육센터,"02-2204-7641",서울특별시 성동구 마조로11길 6,마장국민체육센터(마장동),헬스,"127.0407835","37.5621277"
16,서울,성동구,마장탁구클럽,"02-6081-0840",서울특별시 성동구 마장로 284,"3층(마장동)",탁구,"127.0412778","37.5653566"
17,서울,동대문구,바디체크짐(동대문구),"",서울특별시 동대문구 한빛로 20,오피스텔 지하1층 바디체크짐(헬스)(신설동),헬스,"127.0254846","37.5773796"
18,서울,성북구,보성태권도,"02-6223-1533",서울특별시 성북구 종암로27길 37,"3층(종암동, 삼성 래미안아파트)",태권도,"127.0305744","37.6021271"
19,서울,성동구,성동구립용답체육센터,"02-2204-6627",서울특별시 성동구 천호대로78길 15-48,지하 1층 용답체육센터(용답동),수영,"127.057059","37.5618304"
20,서울,성동구,성동장애인종합복지관,"02-2290-3186",서울특별시 성동구 청계천로 506,성동장애인종합복지관(마장동),기타종목,"127.0334753","37.5702263"
21,서울,성북구,성북구도시관리공단(성북구립휘트니스센터),"02-2241-0691",서울특별시 성북구 보문로29길 49,성북구립휘트니스센터(삼선동3가),헬스,"127.01492","37.5863887"
22,서울,성북구,성실태권도체육관,"02-926-7363",서울특별시 성북구 고려대로17가길 78,래미안상가302호(안암동1가),태권도,"127.0226862","37.5891633"
23,서울,도봉구,창동문화체육센터,"02-901-5200",서울특별시 도봉구 노해로69길 132,창동문화체육센터(창동),헬스,"127.0507056","37.6581175"
24,서울,노원구,경희대 대한태권도,"02-933-4848",서울특별시 노원구 한글비석로 474,보람아파트 2단지상가 308호(상계동),태권도,"127.0654593","37.6648282"
25,서울,노원구,경희대 상경태권도,"02-939-3222",서울특별시 노원구 동일로227길 26,"상가동3층,학원동3층(상계동, 상계주공15단지아파트)",태권도,"127.055611","37.6683012"
26,서울,강북구,함께가자아동발달센터,"02-6326-7575",강북구 한천로 1108-1,은승빌딩 4층,기타종목,"127.0210433","37.6444276"
27,서울,노원구,킨더윌 언어심리 전문센터,"02-939-3421",서울특별시 노원구 상계로23다길 13-8,"107호(상계동, 노원 아이파크)",기타종목,"127.0694006","37.6598913"
28,서울,노원구,엘리트체육관,"02-937-3450",서울특별시 노원구 동일로241가길 18,"2층 엘리트 태권도(상계동)",태권도,"127.0540164","37.676605"
29,서울,강북구,나라찬태권도,"",서울특별시 강북구 삼양로163길 14,"3층(우이동)",태권도,"127.0130945","37.6587482"
30,서울,강북구,다이어트복싱킥복싱MMA우슈,"02-900-0077",서울특별시 강북구 한천로 1182,"3층체육관(수유동)",복싱,"127.0145908","37.6484167"
31,서울,도봉구,도봉동실내스포츠센터,"02-901-5124",서울특별시 도봉구 마들로 805,(도봉동),수영,"127.0502724","37.6813444"
32,서울,강북구,디에이에프씨(DAFC) 더 쎄짐,"03-1823-5842",서울특별시 강북구 한천로143길 22,건물( 2층 )  (수유동),기타종목,"127.0241155","37.6407769"
33,서울,도봉구,디짐 D Gym PT,"02-955-9682",서울특별시 도봉구 마들로 624,"2층 헬스장(방학동)",헬스,"127.0466493","37.6657881"
34,서울,도봉구,라스트점핑핏클럽,"",서울특별시 도봉구 도당로13길 19,"2층(방학동)",기타종목,"127.0351491","37.6655682"
35,서울,노원구,라스트핏 점핑,"02-6401-4614",서울특별시 노원구 동일로237길 40,"202호(상계동, 대한빌)",기타종목,"127.0530937","37.6736923"
36,서울,도봉구,랠리포인트짐,"",서울특별시 도봉구 도봉로136가길 73,"103동 203호 랠리포인트짐(창동, 북한산한신휴플러스아파트)",헬스,"127.0427822","37.6559538"
37,서울,노원구,레몬핏휘트니스,"02-939-9967",서울특별시 노원구 동일로 1673,"5층레몬핏 휘트니스(상계동)",헬스,"127.0549716","37.6778534"
38,서울,도봉구,리케어짐,"",서울특별시 도봉구 노해로70길 81,"201호(창동)",헬스,"127.0525697","37.6488305"
39,서울,노원구,위너짐,"02-936-9696",서울특별시 노원구 동일로 1665,대은빌딩5층(상계동),헬스,"127.0550064","37.6771528"
40,서울,도봉구,모두모아발달체육센터,"02-998-1253",서울특별시 도봉구 도봉로 508,우덕빌딩 4층 모두모아발달체육센터(창동),기타종목,"127.0362918","37.650665"
41,서울,강북구,바른걸음 심리놀이운동센터,"",서울특별시 강북구 삼양로139가길 43,"101호 바른걸음(우이동, 샤인빌)",기타종목,"127.0120154","37.6511075"
42,서울,강북구,백운룡태권도,"02-992-7761",서울특별시 강북구 삼양로149길 16-10,"2층 백운룡태권도(우이동)",태권도,"127.0121575","37.6545349"
43,서울,노원구,복싱팩토리짐,"07-0895-95425",서울특별시 노원구 한글비석로23길 2,"3충  복싱팩토리짐(상계동)",복싱,"127.071247","37.6607212"
44,서울,노원구,서울특별시립노원시각장애인복지관,"02-950-0190",서울특별시 노원구 덕릉로70가길 98,"4층 통합사무실(상계동)",기타종목,"127.0565193","37.642085"
45,서울,노원구,선 태권도장,"02-936-6080",서울특별시 노원구 한글비석로 420,"원일빌딩 3층, 선 태권도장(상계동)",태권도,"127.070414","37.6619212"
46,서울,도봉구,성룡태권도,"02-903-1999",서울특별시 도봉구 덕릉로59가길 17,"2층 성용태권도(창동)",태권도,"127.0386826","37.6397325"
47,서울,노원구,성민복지관,"02-933-0296",서울특별시 노원구 노원로32길 30-3,성민복지관(상계동),기타종목,"127.0693193","37.6556829"
48,서울,노원구,최강합기도,"",서울특별시 노원구 동일로 1350,"603호(상계동)",합기도,"127.0624191","37.6492333"
49,서울,송파구,효체육관,"02-400-5434",서울특별시 송파구 성내천로 223,영인빌딩 3층 효체육관(마천동),태권도,"127.1525712","37.4997727"
50,서울,송파구,해동검도 서울시협회,"02-406-3705",서울특별시 송파구 새말로 154,"4층 해동검도체육관(문정동)",검도,"127.1306209","37.4844002"
51,서울,송파구,프리윌아동청소년발달센터,"02-3012-8777",서울특별시 송파구 새말로 167,이주빌딩 2층 프리윌아동청소년발달센터(문정동),기타종목,"127.131367","37.4854575"
52,서울,송파구,포올태권도 운동발달센터,"02-448-7983",서울특별시 송파구 양재대로72길 18,백조상가 2층 포올태권도 운동발달센터(오금동),태권도,"127.1287636","37.5090801"
53,서울,송파구,파크골프(대한스포츠사회적협동조합),"02-419-7330",서울특별시 송파구 문정로 246,송파구 사회적경제센터(마천동),기타종목,"127.1420301","37.4999116"
54,서울,송파구,코치짐 송파점,"02-416-3040",서울특별시 송파구 오금로 247,건양빌딩b1(방이동),헬스,"127.1208949","37.5063635"
55,서울,송파구,짐스아동발달센터,"02-423-8886",서울특별시 송파구 가락로 171,"6층 짐스아동발달센터(송파동)",기타종목,"127.1139772","37.5042213"
56,서울,송파구,주식회사 하이파이브교육 방이지점,"07-0754-35006",서울특별시 송파구 양재대로71길 1-14,인수빌딩 B2층(방이동),기타종목,"127.1258935","37.5096851"
57,서울,송파구,주식회사 하이파이브교육 문정지점,"02-2283-1779",서울특별시 송파구 법원로 114,엠스테이트 EB215호(문정동),배드민턴,"127.1206993","37.4857987"
58,서울,송파구,점핑위즈 줄넘기 클럽,"02-401-6126",서울특별시 송파구 위례광장로 199,"306호(장지동)",기타종목,"127.1427874","37.4817002"
59,서울,송파구,용인대월드태권도,"02-409-6444",서울특별시 송파구 양산로4길 9,"3층 월드태권도(거여동)",태권도,"127.1443843","37.4901065"
60,서울,송파구,아이싹체육교실,"02-3664-1717",서울특별시 송파구 중대로 318,"3층 아이싹 체육교실(오금동)",롤러인라인,"127.1338856","37.5084921"
61,서울,송파구,시립)서울곰두리체육센터,"02-404-6240",서울시 송파구 동남로 271,서울곰두리체육센터 3층 사무실(오금동),수영,"127.1354641","37.5004957"
62,서울,송파구,스핀볼링센터 가든5,"02-2047-3663",서울특별시 송파구 충민로 52,지하1층  스핀볼링센터 가든5(문정동),볼링,"127.1225324","37.4776993"
63,서울,송파구,더샾필라테스&요가 송파점,"02-420-8252",서울특별시 송파구 오금로 247,건양빌딩 지층(방이동),필라테스,"127.1208949","37.5063635"
64,서울,송파구,송파엘리트탁구장,"",서울특별시 송파구 거마로 47,지하1층(거여동),탁구,"127.1459739","37.497279"
65,서울,강북구,캐롬클럽강북구3쿠션국제식대대전용당구장,"",서울특별시 강북구 노해로 70,"4층 로드캐롬클럽(수유동)",당구,"127.022674","37.6418315"
66,서울,노원구,킨더윌언어심리전문센터,"02-939-3421",서울특별시 노원구 상계로23다길 13-8,"10호 1층(상계동, 노원 아이파크)",기타종목,"127.0694006","37.6598913"
67,서울,도봉구,트윈스볼링장,"02-902-8080",서울특별시 도봉구 도당로 6,"지하1층 트윈스볼링장(쌍문동, 쌍문동 LG트윈빌2)",볼링,"127.0353644","37.6587139"
68,서울,강북구,펀치라인복싱,"02-991-1388",서울특별시 강북구 삼양로 472,"2층 펀치라인복싱(수유동)",복싱,"127.015806","37.6453913"
69,서울,노원구,피트니스 뭅,"",서울특별시 노원구 동일로 1365,"502호(상계동)",헬스,"127.0612598","37.6505982"
70,서울,도봉구,필라테스온루케테80쌍문점,"",서울특별시 도봉구 도당로 7,"4층 필라테스온루케테80(쌍문동)",필라테스,"127.0347916","37.6587894"
71,서울,노원구,필라테스정원 노원점,"02-933-9322",서울특별시 노원구 노해로 501,노원빌딩 7층 필라테스정원 노원점(상계동),필라테스,"127.0635339","37.655226"
72,서울,도봉구,하랑태권도,"07-0758-35354",서울특별시 도봉구 방학로6길 20,"2층 하랑태권도(방학동)",태권도,"127.0372673","37.6639498"
73,서울,송파구,서울시발달장애인사회적응지원센터,"02-448-3302",서울특별시 송파구 마천로 226,(마천동),기타종목,"127.1429368","37.5002236"
74,서울,도봉구,함께가자아동발달센터,"02-6349-7575",서울특별시 도봉구 방학로 165,"3층 운동실(방학동)",기타종목,"127.0338319","37.6622097"
75,서울,도봉구,해솔태권도장,"02-956-8575",서울특별시 도봉구 방학로 223,"2층 205호(방학동)",태권도,"127.0275081","37.6613238"
76,서울,도봉구,화이팅탁구교실,"02-996-1088",서울특별시 도봉구 해등로 130,화이팅탁구교실(창동),탁구,"127.040855","37.6551239"
77,서울,도봉구,휘트니스w창동점,"02-996-1254",서울특별시 도봉구 도봉로110길 65,"5층(창동)",헬스,"127.0371454","37.6464132"
78,서울,도봉구,복당구교실,"07-0761-72213",서울특별시 도봉구 해등로 123,삼성프라자 2층 201호 복당구교실(창동),당구,"127.0405107","37.6545237"
79,서울,강서구,TIA 태권도,"02-2696-8374",서울특별시 강서구 화곡로 270,"2층(화곡동)",태권도,"126.8472336","37.5486387"
80,서울,강서구,강서구민올림픽체육센터,"02-3661-1999",서울특별시 강서구 화곡로65길 62,강서구민올림픽체육센터(등촌동),헬스,"126.8506012","37.559675"
81,서울,강서구,강서클라이밍센터,"02-3662-0138",서울특별시 강서구 공항대로 284,"4층(내발산동)",클라이밍(암벽등반),"126.8391145","37.5581956"
82,서울,강서구,경수태권도공부방스포츠클럽,"02-2605-8880",서울특별시 강서구 까치산로 176,"3층 경수태권도공부방스포츠클럽(화곡동)",태권도,"126.8534815","37.552723"
83,서울,강서구,(주) 스포니스마곡점,"02-2668-5988",서울특별시 강서구 마곡중앙6로 11,지하1층 스포니스 마곡점(마곡동),기타종목,"126.8288424","37.560948"
84,서울,강서구,기쁜우리체육센터,"02-3663-8114","서울특별시 강서구 허준로 65 (가양동, 기쁜우리복지관,체육센터)",기쁜우리체육센터,수영,"126.8487793","37.5693631"
85,서울,양천구,라이프휘트니스,"02-2056-7782",서울특별시 양천구 오목로 160,"지하1층(신정동, 신호아파트)",헬스,"126.8552338","37.5247036"
86,서울,양천구,라파셀(점핑운동 및 요가),"",서울특별시 양천구 은행정로 16,"2층(신정동)",기타종목,"126.8599516","37.5210776"
87,서울,송파구,백호합기도1관,"02-407-3230",서울특별시 송파구 성내천로 77,"2층(오금동)",합기도,"127.1382604","37.5016151"
88,서울,강서구,런 주짓수 종합격투기,"02-6215-7585",서울특별시 강서구 공항대로 164,류마타워1차 210호(마곡동),주짓수,"126.8255148","37.5593259"
89,서울,강서구,런마곡,"",서울특별시 강서구 마곡동로4길 23,지하1층 런마곡(마곡동),헬스,"126.8361991","37.5596431"
90,서울,강서구,레드복싱클럽,"02-3663-3112",서울특별시 강서구 공항대로 290,순봉빌딩 305호(내발산동),복싱,"126.8397804","37.5581233"
91,서울,강서구,리베로탁구장,"02-2654-8062",서울특별시 강서구 등촌로39길 6,지하리베로탁구장(등촌동),탁구,"126.8620485","37.5455957"
92,서울,송파구,무브웰,"02-400-8594",서울특별시 송파구 법원로 90,파트너스2 302호(문정동),필라테스,"127.1213418","37.4833873"
93,서울,강동구,햇빛아동청소년발달센터,"02-484-0610",서울특별시 강동구 양재대로 1597,"2층(천호동)",기타종목,"127.1432163","37.548215"
94,서울,강동구,한국체대석사태풍태권도,"02-470-5877",서울특별시 강동구 양재대로116길 95,"2층(길동)",태권도,"127.1457382","37.5376716"
95,서울,송파구,머슐랭가이드,"02-416-3040",서울특별시 송파구 오금로 247,B101(방이동),필라테스,"127.1208949","37.5063635"
96,서울,강동구,한국시각장애인복지관,"02-440-5200",서울특별시 강동구 구천면로 645,한국시각장애인복지관(상일동),기타종목,"127.1692908","37.5511185"
97,서울,강동구,하이파이브교육 성내점,"07-0403-51006",서울특별시 강동구 천호대로 1092,"B101 하이파이브심리운동특수체육(성내동, 에스케이허브진)",헬스,"127.1326141","37.5352302"
98,서울,강동구,필라테스엠 고덕역점,"02-3427-1777",서울특별시 강동구 동남로75길 13-15,성은빌딩 4층(명일동),필라테스,"127.1555201","37.5536302"
99,서울,송파구,리더스포츠,"02-407-2272",서울특별시 송파구 동남로 108,지하1층 B 102호 리더짐(문정동),농구,"127.1233728","37.4896516"
100,서울,강동구,필라테스192 천호점,"02-478-9670",서울특별시 강동구 구천면로 192,푸르지오 301호 필라테스(천호동),필라테스,"127.1258416","37.5403622"
101,서울,강동구,코리아탁구체육관,"02-472-8500",서울특별시 강동구 구천면로 304,"5층 코리아탁구체육관(천호동)",탁구,"127.1348298","37.5467197"
102,서울,강동구,의천관 중앙본부도장,"02-426-7179",서울특별시 강동구 상암로 195,"4F 의천관 중앙본부도장(명일동)",기타종목,"127.1441985","37.5466253"
103,서울,강동구,유씨 (UC PT & YOGA),"",서울특별시 강동구 명일로 200-33,"3층",요가,"127.1475255","37.5370707"
104,서울,강동구,위드유짐,"02-2344-1322",서울특별시 강동구 천호대로 1055,"태영아파트102동 상가B01호 위드유짐(천호동, 천호태영아파트)",헬스,"127.1299458","37.5384706"
105,서울,강동구,원 탑 태권도,"02-482-9386",서울특별시 강동구 천중로17길 37,"2층 원 탑 태권도(천호동)",태권도,"127.1308512","37.5465377"
106,서울,송파구,다이노스 스포츠,"02-435-0320",서울특별시 송파구 송이로36길 62-19,"2층(문정동)",축구(풋살),"127.1266717","37.4842756"
107,서울,강동구,오핑탁구장,"02-441-6004",서울특별시 강동구 고덕로24길 50,지층 오핑탁구장(암사동),탁구,"127.1351149","37.552387"
108,서울,강동구,세컨무브필라테스&요가 강동천호점,"02-476-7525",서울특별시 강동구 천호대로 1006,b305(성내동),필라테스,"127.1237896","37.5380133"
109,서울,강동구,석사체육관,"02-426-5383",서울특별시 강동구 동남로65길 56,지하1층(명일동),태권도,"127.1527439","37.5478748"
110,서울,강동구,상일유도스쿨,"02-426-9759",서울특별시 강동구 상암로 425,"2층(상일동)",유도,"127.1698204","37.5458282"
111,서울,강동구,바디멀티필라테스 상일동역점,"",서울특별시 강동구 고덕로83길 14,"3층 바디멀티필라테스(고덕동)",필라테스,"127.1689299","37.55775"
112,서울,강동구,멘토태권키즈짐,"02-427-8585",서울특별시 강동구 상일로12길 99,리엔프라자 303(강일동),태권도,"127.1729373","37.5568528"
113,서울,강동구,리틀타이거키즈골프스쿨,"02-481-2228",서울특별시 강동구 동남로71길 20,지층 리틀타이거키즈골프스쿨(명일동),골프,"127.1551128","37.5519378"
114,서울,강동구,둔촌탁구교실,"02-477-3959",서울특별시 강동구 명일로 113,"상가지층 둔촌탁구교실(둔촌동, 둔촌하이츠아파트)",탁구,"127.1422309","37.5294404"
115,서울,강동구,뉴힐링라이프 재활운동센터 강동점,"02-2039-7702",서울특별시 강동구 양재대로124길 32,"203호 뉴힐링라이프 재활운동센터(길동, 동서울오네뜨)",헬스,"127.1436562","37.5426145"
116,서울,송파구,(주)한국그룹운동개발원,"02-6369-8004",서울특별시 송파구 송이로 91,(가락동) 송이빌딩 5층,기타종목,"127.1209697","37.498076"
117,서울,송파구,고려금메달펀태권도,"",서울특별시 송파구 위례순환로 478,센트라포레504(장지동),태권도,"127.1340858","37.4775714"
118,서울,송파구,경찰 태권도 & 파워점핑,"02-408-1112",서울특별시 송파구 오금로40길 40,"대성빌딩 2층, 지층(가락동)",기타종목,"127.1287934","37.4971975"
119,서울,송파구,거원태권도,"02-404-1888",서울특별시 송파구 양산로4길 13,우토파크빌딩 5층 거원태권도(거여동),태권도,"127.1447458","37.490006"
120,서울,송파구,가온누리아동심리상담센터,"02-6221-0330",서울특별시 송파구 새말로 125,"502호(문정동)",기타종목,"127.127908","37.4831216"
121,서울,송파구,SP탁구클럽,"02-402-3959",서울특별시 송파구 동남로 213,지하1층 SP탁구클럽(가락동),탁구,"127.1314288","37.4965007"
122,서울,중구,회현체육센터,"02-2280-8430",서울특별시 중구 퇴계로12길 78,회현체육센터(회현동1가),기타종목,"126.981627","37.5560415"
123,서울,종로구,홍핏,"02-747-8296",서울특별시 종로구 사직로 119,목천빌딩(내자동),헬스,"126.9719072","37.5763111"
124,서울,강동구,나우어린이수영,"02-442-4076",서울특별시 강동구 아리수로 427,지하1층 나우어린이수영(강일동),수영,"127.1746155","37.5649683"
125,서울,강동구,피트니스에스,"02-476-6988",서울특별시 강동구 천호대로 1239,"상가동 지하1층(길동, GS강동자이아파트)",헬스,"127.1486156","37.5374563"
126,서울,강동구,필라테스엠고덕역점,"02-3427-1777",서울특별시 강동구 동남로75길 13-15,"4층 필라테스(명일동)",필라테스,"127.1555201","37.5536302"
127,서울,강동구,경희대청무체육관,"02-470-0430",서울특별시 강동구 구천면로 258,"3층 경희대청무체육관(천호동)",태권도,"127.1319219","37.5432302"
128,서울,강동구,경희대SKY체육관,"02-428-6777",서울특별시 강동구 고덕로80길 123,"2층 경희대SKY체육관(상일동)",태권도,"127.165596","37.5509309"
129,서울,강동구,강동신화태권도장,"",서울특별시 강동구 천중로15가길 1,"2층(천호동)",태권도,"127.1286583","37.5456775"
130,서울,강동구,강동그린나래복지센터,"02-442-4550",서울특별시 강동구 고덕로 100-5,강동그린나래복지센터(암사동),기타종목,"127.1365631","37.5543139"
131,서울,강동구,강동구도시관리공단 온조대왕문화체육관,"02-2045-7844",서울특별시 강동구 고덕로 285,온조대왕문화체육관(고덕동),수영,"127.157451","37.556703"
132,서울,강동구,GMT대동무예스쿨,"02-475-3577",서울시 강동구 천중로29길 32,"2층",기타종목,"127.1371344","37.5430691"
133,서울,서대문구,검수원검도관,"02-312-6343",서울특별시 서대문구 북아현로4길 2,지층(북아현동),검도,"126.9568277","37.5592341"
134,서울,용산구,경희대석사태권도,"02-776-0791",서울특별시 용산구 후암로 47,(후암동),태권도,"126.977122","37.5500564"
135,서울,종로구,좋은운동장 장애인스포츠 본점,"02-720-1002",서울특별시 종로구 사직로8길 34,(내수동)420호,기타종목,"126.9718472","37.5738725"
136,서울,마포구,나라찬태권도,"02-713-7500",서울특별시 마포구 토정로 233,"2층 나라찬태권도(신수동)",태권도,"126.9365712","37.5441498"
137,서울,용산구,더블유에스복싱클럽,"02-702-1282",서울특별시 용산구 만리재로 134,"8층ws복싱클럽(서계동)",복싱,"126.9625769","37.5513395"
138,서울,용산구,독수리태권도,"02-701-3690",서울특별시 용산구 백범로45길 9-11,"(효창동, 한신아파트)",태권도,"126.957751","37.54207"
139,서울,마포구,라인필라테스애오개점,"02-362-7200",서울특별시 마포구 마포대로 204,"201호 라인필라테스(아현동)",필라테스,"126.9565447","37.5520276"
140,서울,마포구,런공덕,"02-8263-1157",서울특별시 마포구 백범로 178,지하1층 런공덕(공덕동),기타종목,"126.950105","37.5438694"
141,서울,종로구,런광화문,"02-8263-1157",서울특별시 종로구 새문안로3길 30,지하1층 런광화문(내수동),기타종목,"126.9733705","37.5727373"
142,서울,종로구,종로구시설관리공단 종로문화체육센터,"02-732-9393",서울특별시 종로구 인왕산로1길 21,종로문화체육센터(사직동),수영,"126.9646648","37.5742531"
143,서울,마포구,마포문화재단 마포아트센터,"02-3274-8500",서울특별시 마포구 대흥로20길 28,마포아트센터(대흥동),수영,"126.9455362","37.5498966"
144,서울,서대문구,북아현문화체육센터,"02-360-8660",서울특별시 서대문구 북아현로 51,북아현문화체육센터(북아현동),헬스,"126.9554383","37.5618398"
145,서울,종로구,좋은습관 PT STUDIO 서대문,"",서울특별시 종로구 송월길 99,"제상가동 2층 2211호(홍파동, 경희궁자이 2단지)",기타종목,"126.9638824","37.5708754"
146,서울,서대문구,서대문복싱클럽,"02-312-7989",서울특별시 서대문구 통일로 189-1,"4층(영천동)",복싱,"126.9618596","37.5703388"
147,서울,서대문구,플러스파인,"02-9026-0480",서울특별시 서대문구 신촌역로 17,"203호(대현동)",필라테스,"126.9424355","37.5582853"
148,서울,중구,손기정문화체육센터,"02-2280-8458",서울특별시 중구 손기정로 101,"(서관,체육동) 손기정문화체육센터(만리동2가)",헬스,"126.9648158","37.5554795"
149,서울,마포구,서강탁구클럽,"",서울특별시 마포구 대흥로 100-1,지하(대흥동),탁구,"126.9430483","37.5486357"
150,서울,서대문구,요가문서울 차오름 평생교육원,"02-702-7502",서울특별시 서대문구 연세로5길 26-17,"4층(창천동)",요가,"126.9348022","37.5568212"
151,서울,서대문구,요가문 서울 차오름 평생교육원,"",서울특별시 서대문구 연세로5길 26-17,창천빌딩 4층 1호(창천동),기타종목,"126.9348022","37.5568212"
152,서울,마포구,신촌탁구장,"02-714-0505",서울특별시 마포구 신촌로 118-1,"1층(노고산동)",탁구,"126.9389139","37.5554666"
153,서울,서대문구,(주) 플러스파인,"02-6448-0480",서울특별시 서대문구 신촌역로 17,"203호(대현동)",필라테스,"126.9424355","37.5582853"
154,서울,용산구,아리랑태권도장,"02-6396-0145",서울특별시 용산구 한강대로87길 3,"3층 아리랑태권도장(갈월동)",태권도,"126.9718259","37.5442067"
155,서울,마포구,나루탁구클럽,"",서울특별시 마포구 삼개로 21,지하(도화동),탁구,"126.9476133","37.5384105"
156,서울,서대문구,연세대효태권도,"02-312-9393",서울특별시 서대문구 독립문로8길 54,"천연뜨란채 아파트 상가B101,102,103(천연동, 천연뜨란채)",태권도,"126.9579974","37.5676518"
157,서울,종로구,요가프로젝트,"",서울특별시 종로구 경희궁2길 9-1,"2층 요가프로젝트(내수동)",요가,"126.9711161","37.572977"
158,서울,용산구,용산구문화체육센터,"02-707-2492",서울특별시 용산구 백범로 350,문화체육센터(문배동),헬스,"126.9676811","37.5372185"
159,서울,중구,용인대한미태권도,"02-313-0032",서울특별시 중구 중림로 10,"(중림동, 중림동 삼성 사이버 빌리지)",태권도,"126.964875","37.558579"
160,서울,종로구,"운동공간,유인","",서울특별시 종로구 필운대로 15-10,"1층(필운동)",헬스,"126.9691175","37.5778793"
161,서울,종로구,원알엠피트니스,"02-2277-2229",서울특별시 종로구 종로 120,지하1층(종로3가),기타종목,"126.9909351","37.5700832"
162,서울,서대문구,인앤아웃 라이프 밸런스 트레이닝 교육 센터,"",서울특별시 서대문구 연세로5길 26-17,"4층 1호(창천동)",요가,"126.9348022","37.5568212"
163,서울,종로구,종로당구클럽,"02-2269-4939",서울특별시 종로구 종로 120,동영타워 지하2층(종로3가),당구,"126.9909351","37.5700832"
164,서울,종로구,좋은습관 PT STUDIO 서대문점,"",서울특별시 종로구 송월길 99,"상가동 2211호(홍파동, 경희궁자이 2단지)",에어로빅,"126.9638824","37.5708754"
165,서울,종로구,주식회사케이에스스포짐,"02-732-0020",서울특별시 종로구 삼봉로 95,B1 스포짐 종각점(견지동),헬스,"126.9824623","37.5726227"
166,서울,서대문구,커브스아현클럽,"02-393-3031",서울특별시 서대문구 북아현로 2,"4층커브스(북아현동)",헬스,"126.9564199","37.557727"
167,서울,마포구,트레인스토밍,"02-706-5019",서울특별시 마포구 독막로 264,지층(대흥동),헬스,"126.9425692","37.5459037"
168,서울,종로구,필운스튜디오,"02-3453-4680",서울특별시 종로구 필운대로 40,지하(누하동),필라테스,"126.9689321","37.5795536"
169,서울,마포구,한국체대용무태권도장,"",서울특별시 마포구 마포대로11길 46,"2층 용무태권도장(공덕동)",태권도,"126.9517142","37.5493989"
170,서울,서대문구,헬스보이짐  프리미엄 신촌점,"02-363-2003",서울특별시 서대문구 신촌로 109,지하4층 헬스보이짐(창천동),헬스,"126.9381006","37.5557525"
171,서울,용산구,펠든크라이스다움,"",서울특별시 용산구 한강대로 205,"D2911(한강로1가, 용산파크자이)",기타종목,"126.9729276","37.536532"
172,서울,강동구,실전경찰태권도,"02-426-3006",서울특별시 강동구 동남로81길 82,"2층(고덕동)",태권도,"127.1525451","37.559057"
173,서울,강동구,대가유도관,"",서울특별시 강동구 진황도로 4-7,"3층 대가유도관 (천호동)",유도,"127.1280805","37.5397672"
174,서울,종로구,종로태권도아카데미,"02-722-2001",서울특별시 종로구 필운대로 116,"2층 종로태권도아카데미(신교동)",태권도,"126.9700796","37.5836953"
175,서울,종로구,종로장애인복지관,"02-6395-7060",서울특별시 종로구 자하문로 89,"3층 종로장애인복지관(신교동)",탁구,"126.9698335","37.5840824"
176,서울,동대문구,핑퐁플러스,"",서울특별시 동대문구 전농로 130,"3층(전농동)",탁구,"127.0579372","37.5764791"
177,서울,중랑구,바른선필라테스,"",서울특별시 중랑구 겸재로 118,"201호(면목동)",필라테스,"127.0810209","37.5866768"
178,서울,중랑구,휘트니스태권도장,"",서울특별시 중랑구 면목로 432,"2층 휘트니스태권(면목동)",태권도,"127.0873028","37.5904734"
179,서울,동대문구,화랑태권도,"02-2244-8996",서울특별시 동대문구 망우로16길 26,"2층(휘경동)",태권도,"127.0611243","37.5890111"
180,서울,중랑구,해동검도 중랑천무관,"02-438-6261",서울특별시 중랑구 동일로 820,"3층(중화동)",검도,"127.0793778","37.603646"
181,서울,동대문구,한체대길태권스쿨,"02-964-0888",서울특별시 동대문구 한천로58길 107,"상가3층 태권도장(이문동, 현대아파트)",태권도,"127.0701994","37.6012805"
182,서울,중랑구,한울효체육관,"02-4726-3243",서울특별시 중랑구 봉화산로 81,"2층(중화동)",태권도,"127.083407","37.6019554"
183,서울,중랑구,한양체육관,"02-438-4000",서울특별시 중랑구 봉화산로30길 26,"2층(중화동)",태권도,"127.0851157","37.6011902"
184,서울,동대문구,피트니스오늘&필라테스,"",서울특별시 동대문구 장한로 29,상영빌딩 지하1층(장안동),필라테스,"127.0660817","37.5641915"
185,서울,동대문구,트리플에이짐,"02-3390-4450",서울특별시 동대문구 서울시립대로 155,"면전빌딩 2,3층(전농동)",헬스,"127.0540788","37.5838798"
186,서울,동대문구,커브스 전농클럽,"02-2216-3030",서울특별시 동대문구 사가정로 148,"sk아파트 스포츠상가 310호(전농동, 전농 SK아파트)",헬스,"127.0605491","37.5769111"
187,서울,중랑구,커브스 상봉클럽,"02-435-8230",서울특별시 중랑구 망우로 305,"6층(상봉동)",헬스,"127.0861833","37.5968772"
188,서울,중랑구,커브스 면목클럽,"02-437-1330",서울특별시 중랑구 면목로 305,"6층(면목동)",헬스,"127.0874615","37.5797018"
189,서울,동대문구,최강합기도,"02-2247-1230",서울특별시 동대문구 장한로12길 48,"2층(장안동)",합기도,"127.0702222","37.5649285"
190,서울,중랑구,천마유도체육관,"02-433-8031",서울특별시 중랑구 면목로39길 23,지층(면목동),유도,"127.0860682","37.5798103"
191,서울,중랑구,중화주짓수,"",서울특별시 중랑구 동일로 802,"403호 중화주짓수(중화동)",주짓수,"127.0797178","37.6020892"
192,서울,중랑구,중랑구시설관리공단(중랑문화체육관-면목7동),"02-436-9200",서울특별시 중랑구 사가정로72길 47,중랑문화체육관,기타종목,"127.0957285","37.5793205"
193,서울,중랑구,제이피티짐,"02-6012-9949",서울특별시 중랑구 동일로 833,"4층 제이피티짐(중화동)",헬스,"127.0785943","37.6047871"
194,서울,동대문구,제기동아태권도전문체육관,"02-967-6291",서울특별시 동대문구 제기로 75-1,"2층 동아체육관(청량리동)",태권도,"127.041589","37.5868527"
195,서울,동대문구,장안퍼펙트 볼링장,"02-3394-5822",서울특별시 동대문구 장한로2길 33,지하 1층 볼링장(장안동),볼링,"127.0672283","37.5622999"
196,서울,동대문구,우성거룡체육관,"02-2248-0425",서울특별시 동대문구 사가정로 190,"상가3층 연세거룡태권도(전농동, 전농우성아파트)",태권도,"127.06477","37.5772801"
197,서울,중랑구,용인대제일유도관,"02-433-5662",서울특별시 중랑구 면목로 463,"3층 용인대제일유도관(상봉동)",유도,"127.0861635","37.5931732"
198,서울,중랑구,용인대유도체육관,"02-439-8702",서울특별시 중랑구 봉화산로 98,지층 용인대유도체육관(중화동),유도,"127.085323","37.6022334"
199,서울,동대문구,용인대박사태권도,"02-3394-4436",서울특별시 동대문구 사가정로 65,"201동 단지상가 2층(전농동, 래미안 크레시티)",태권도,"127.0515338","37.5767239"
200,서울,동대문구,올리브언어심리상담센터,"02-6487-5236",서울특별시 동대문구 답십리로 68,"2층(전농동)",기타종목,"127.0484195","37.5753696"
201,서울,광진구,용문체육관,"02-468-4684",서울특별시 광진구 면목로 136,"2층(중곡동)",태권도,"127.0811768","37.5654271"
202,서울,동대문구,연세체능관,"02-2213-2349",서울특별시 동대문구 황물로 54,"3층(답십리동)",태권도,"127.0470784","37.5726922"
203,서울,광진구,아이맘인지행동발달센터,"",서울특별시 광진구 동일로 357,"1층(중곡동)",기타종목,"127.075474","37.5630014"
204,서울,중랑구,에코플러스 평생교육원,"02-2207-2470",서울특별시 중랑구 망우로 192,"3층 에코필라테스 플러스(상봉동)",필라테스,"127.0741597","37.5931968"
205,서울,동대문구,스페셜스포츠센(S.S.C),"02-6451-2204",서울특별시 동대문구 한천로17길 23,"3층 스페셜스포츠센터(답십리동)",기타종목,"127.0627988","37.5699516"
206,서울,종로구,종로청운스포렉스,"02-1661-0835",서울특별시 종로구 자하문로 105,종로청운스포렉스(청운동),수영,"126.9694729","37.5859506"
207,서울,서초구,한빛탁구교실,"02-525-0279",서울특별시 서초구 반포대로 93,지하 1층 (서초동),탁구,"127.0087448","37.4884576"
208,서울,서초구,한국자연치유평생교육원,"02-537-8877",서울특별시 서초구 서초대로78길 44,"4층 404호(서초동, 서초나산스위트)",요가,"127.0284742","37.4938139"
209,서울,서초구,한국스포츠교육희망나눔사회적협동조합(언남중학교),"02-578-7947",서울특별시 서초구 언남길 85,지하(양재동),농구,"127.0459789","37.475589"
210,서울,강남구,포텐PT,"",서울특별시 강남구 학동로4길 18,지하1층(논현동),헬스,"127.0231828","37.5102582"
211,서울,서초구,키덜트골프클럽,"02-585-9710",서울특별시 서초구 남부순환로333길 32,B02(서초동),골프,"127.0208512","37.4838565"
212,서울,서초구,짐스아동발달센터,"02-525-8886",서울특별시 서초구 사임당로 74,B1(서초동),기타종목,"127.0180052","37.4892137"
213,서울,서초구,정상발달센터,"07-0464-21275",서울특별시 서초구 서초대로74길 23,"907호 정상발달센터(서초동, 서초타운트라팰리스)",기타종목,"127.0271068","37.4956227"
214,서울,서초구,은호펜싱클럽,"02-595-6754",서울특별시 서초구 방배로 165,제지층 1호(방배동),펜싱,"126.9928333","37.4882806"
215,서울,서초구,올웨이즈트라이(재활운동센터),"02-582-2332",서울특별시 서초구 서초대로64길 76-21,"1층 올웨이즈트라이(서초동)",기타종목,"127.0215488","37.491823"
216,서울,중랑구,다미안요,"02-2208-5190",서울특별시 중랑구 겸재로 187,"3층(면목동)",필라테스,"127.0883647","37.5888011"
217,서울,중랑구,쉴드짐,"",서울특별시 중랑구 봉화산로 61,"3층 쉴드짐(중화동)",헬스,"127.0813492","37.601795"
218,서울,성동구,세종탁구클럽,"02-2243-3959",서울특별시 성동구 천호대로 432,지하1층 세종탁구클럽(용답동),탁구,"127.0668691","37.5607536"
219,서울,중랑구,생각나무BB센터,"02-2208-0130",서울특별시 중랑구 동일로 807,지하(중화동),댄스(줌바 등),"127.0790217","37.6024662"
220,서울,중랑구,복싱타임,"02-434-8212",서울특별시 중랑구 동일로 802,"401호 복싱타임(중화동)",복싱,"127.0797178","37.6020892"
221,서울,동대문구,배봉태권도,"02-2246-5777",서울특별시 동대문구 사가정로25길 23,"3층(장안동)",태권도,"127.0704022","37.5799736"
222,서울,중랑구,무도체육관,"02-434-2211",서울특별시 중랑구 면목로 362,명동빌딩 301호(면목동),합기도,"127.0885949","37.5842596"
223,서울,광진구,머슬킹,"02-461-8234",서울특별시 광진구 면목로 126,"3층머슬킹(중곡동)",헬스,"127.0807832","37.5644968"
224,서울,중랑구,맹호태권도,"02-432-4002",서울특별시 중랑구 봉우재로 141,"3층 맹호태권도(상봉동)",태권도,"127.088666","37.5933775"
225,서울,동대문구,로하필라테스,"02-2215-3385",서울특별시 동대문구 망우로 122-1,거부빌딩 7층(휘경동),필라테스,"127.0667795","37.5911581"
226,서울,동대문구,레전드복싱체육관,"02-2244-0012",서울특별시 동대문구 장한로26길 24,"2층(장안동)",복싱,"127.0729639","37.5714899"
227,서울,성동구,세종탁구장,"02-2243-3959",서울특별시 성동구 천호대로 432,지하1층(용답동),탁구,"127.0668691","37.5607536"
228,서울,동대문구,동문장애인복지관,"02-2244-3100",서울특별시 동대문구 장안벚꽃로7길 5,동문장애인복지관(휘경동),기타종목,"127.073216","37.5831557"
229,서울,동대문구,동대문구민체육센터,"02-2247-9772",서울특별시 동대문구 장안벚꽃로 67,(장안동),헬스,"127.0734841","37.5665385"
230,서울,중랑구,대명체육관,"02-2207-9011",서울특별시 중랑구 봉화산로56길 153,대명프라자 309호 310호(신내동),유도,"127.0967927","37.6014919"
231,서울,중랑구,다미안 요가&필라테스,"02-2208-5190",서울특별시 중랑구 겸재로 187,"3층 다미안요가필라테스(면목동)",필라테스,"127.0883647","37.5888011"
232,서울,중랑구,그리고필라테스 망우점,"02-432-7878",서울특별시 중랑구 용마산로115길 108,(망우동)(망우동),필라테스,"127.0941536","37.5980747"
233,서울,광진구,광진구시설관리공단 중곡문화체육센터,"02-3408-4919",서울특별시 광진구 능동로 433,"2층 사무실(중곡동)",수영,"127.0849273","37.5678607"
234,서울,중랑구,플로어엑스,"",서울특별시 중랑구 봉우재로 113,지하1층(상봉동),기타종목,"127.0855889","37.5927271"
235,서울,중랑구,고아동발달센터,"02-6952-6979",서울특별시 중랑구 망우로 203,"202호(중화동, 중화동주상복합)",필라테스,"127.074805","37.593979"
236,서울,중랑구,SLT태권도,"02-2209-7778",서울특별시 중랑구 면목로57길 43,"3층(면목동)",태권도,"127.0859745","37.584698"
237,서울,성동구,필라테스가든 평생교육원,"02-2281-1929",서울특별시 성동구 사근동길 6,"2층 필라테스가든 한양대점(행당동)",필라테스,"127.0420376","37.5601514"
238,서울,성동구,프롬더바디,"02-7616-1236",서울특별시 성동구 왕십리로 115,"9층 905호 프롬더바디(성수동1가)",헬스,"127.0441277","37.5479193"
239,서울,광진구,킹태권도장,"02-452-7789",서울특별시 광진구 광나루로37길 24,"2층(구의동)",태권도,"127.0882162","37.5457907"
240,서울,광진구,카이로스,"02-456-8885",서울특별시 광진구 용마산로 45,"3층 비룡체육관(중곡동)",합기도,"127.0877132","37.5575945"
241,서울,성동구,좋은운동장 본점,"02-720-1002",서울특별시 성동구 고산자로 320,성동장애인자립생활센터 1층 주식회사 좋은운동장(마장동),기타종목,"127.0373781","37.5681698"
242,서울,성동구,정훈체육관,"02-464-2454",서울특별시 성동구 광나루로11길 36,지하(송정동),태권도,"127.0676331","37.5508604"
243,서울,광진구,정립회관,"02-446-1237",서울 광진구 워커힐로 93,정립회관,기타종목,"127.0976313","37.5510878"
244,서울,광진구,임용지 탁구클럽,"02-499-3959",서울특별시 광진구 군자로 100,"5층 임용지탁구클럽(군자동)",탁구,"127.0714623","37.5519405"
245,서울,성동구,인조이골프스쿨,"02-468-4006",서울특별시 성동구 뚝섬로 389,(성수동2가),골프,"127.0540877","37.5392424"
246,서울,광진구,연세정훈태권도자양점,"02-3409-0992",서울특별시 광진구 능동로6길 14,b01호(자양동),태권도,"127.0688106","37.5341776"
247,서울,성동구,서울특별시성동구도시관리공단,"02-2204-7616",서울특별시 성동구 왕십리로 89,성동구민종합체육센터(성수동1가),헬스,"127.0440144","37.5458701"
248,서울,성동구,서울숲복합문화체육센터,"02-2204-6600",서울특별시 성동구 왕십리로11길 19,서울숲복합문화체육센터(성수동1가),헬스,"127.0415013","37.5490719"
249,서울,성동구,서울숲탁구클럽,"",서울특별시 성동구 상원4길 9,서울시 성동구 상원4길9 지하(성수동1가),탁구,"127.0497012","37.547293"
250,서울,성동구,올림픽휘트니스,"02-469-0067",서울특별시 성동구 뚝섬로 400,"3층 올림픽휘트니스(성수동2가)",헬스,"127.0550106","37.5385734"
251,서울,광진구,군자복싱다이어트,"02-468-1282",서울특별시 광진구 능동로 267,영진빌딩 2층(군자동),복싱,"127.0774022","37.5539179"
252,서울,광진구,광진구시설관리공단,"02-2049-4583",서울특별시 광진구 능동로 76,광진문화예술회관(자양동),기타종목,"127.070453","37.5374246"
253,서울,성동구,(주)무브먼트디자인,"02-465-0996",서울특별시 성동구 왕십리로14길 30-3,"2층(성수동1가)",헬스,"127.0473449","37.5483776"
254,서울,광진구,건대탁구클럽,"02-6015-1952",서울특별시 광진구 아차산로 324,지하 101호 건대탁구클럽(자양동),탁구,"127.0787669","37.537424"
255,서울,마포구,마크짐 망원점,"02-332-3630",서울특별시 마포구 월드컵로 155,"6층(망원동)",헬스,"126.9049244","37.5613848"
256,서울,마포구,ws복싱클럽(상암점),"02-306-1212",서울특별시 마포구 월드컵북로44길 37,"2층 WS복싱클럽(상암동)",복싱,"126.8952095","37.5763669"
257,서울,서대문구,경희대신화태권도,"02-303-0501",서울특별시 서대문구 응암로 61,"4층(북가좌동)",태권도,"126.9101823","37.5787862"
258,서울,은평구,경희대태권도,"02-375-5777",서울특별시 은평구 갈현로1길 24,"2층 경희대태권도(신사동)",태권도,"126.9076399","37.5994943"
259,서울,마포구,그녀의필라테스,"07-0403-22237",서울특별시 마포구 월드컵북로 396,누리꿈스퀘어 지라b1032호(상암동),필라테스,"126.889819","37.5793419"
260,서울,서대문구,끌로에필라테스 북가좌점,"02-303-0601",서울특별시 서대문구 응암로 54,"4층 끌로에필라테스(북가좌동)",필라테스,"126.9102202","37.5778964"
261,서울,은평구,뉴타운탁구클럽,"",서울특별시 은평구 가좌로7나길 30,"우성상가지하 1층(응암동, 응암우성아파트)",탁구,"126.9181039","37.5840245"
262,서울,마포구,마포장애인종합복지관,"02-306-6212",서울특별시 마포구 성산로 128,마포장애인종합복지관(성산동),기타종목,"126.9082019","37.5637955"
263,서울,서대문구,커브스 가재울클럽,"02-307-1330",서울특별시 서대문구 수색로 56,"505호(북가좌동)",헬스,"126.9123057","37.5708721"
264,서울,마포구,두잉운동발달연구소,"07-0868-82042",서울특별시 마포구 월드컵로 190,"907,909호(성산동)",기타종목,"126.903272","37.5641826"
265,서울,마포구,마포구민체육센터,"02-324-7800",서울특별시 마포구 월드컵로25길 190,"1층 관리사무실(망원동)",헬스,"126.8969649","37.5567653"
266,서울,마포구,마포구청 당구아카데미,"02-3153-9874",서울특별시 마포구 월드컵로 212,"11층 생활체육과(성산동)",당구,"126.901491","37.5663245"
267,서울,마포구,마포장애인종합복지관,"02-306-6212",서울특별시 마포구 성산로4길 35,"1층 사무실(성산동)",골프,"126.9088693","37.5637934"
268,서울,마포구,마포푸르메스포츠센터,"02-6070-9270",서울특별시 마포구 월드컵북로 494,지하1층 마포푸르메스포츠센터(상암동),수영,"126.8805264","37.5846589"
269,서울,마포구,바디멀티기구필라테스,"02-303-7111",서울특별시 마포구 월드컵로36길 14,"208호 바디멀티필라테스(성산동)",필라테스,"126.9030647","37.5659538"
270,서울,은평구,박성천탁구교실,"02-306-0791",서울특별시 은평구 증산서길 107,(증산동)박성천탁구교실 지층,탁구,"126.9085724","37.5855233"
271,서울,마포구,비에스(BS)멀티짐 (상암블랙샤크 복싱 킥복싱 주짓수),"02-307-6338",서울특별시 마포구 상암산로1길 69,지하1층 제01호 상암블랙샤크 킥복싱(상암동),복싱,"126.8834804","37.5801463"
272,서울,서대문구,삼성 태권도장,"02-375-8333",서울시 서대문구 증가로 191,"306~308호",태권도,"126.9166617","37.5782468"
273,서울,서대문구,삼성골드스포츠클럽,"02-302-3114",서울특별시 서대문구 증가로 191,"삼성골드스포츠클럽(남가좌동, DMC래미안클라시스)",수영,"126.9166617","37.5782468"
274,서울,은평구,상암탁구클럽,"",서울특별시 은평구 수색로 285,청아리빙텔 지하1층(수색동),탁구,"126.8927486","37.5832956"
275,서울,마포구,샘탁구클럽,"",서울특별시 마포구 새터산길 72,동호빌딩 지하1층(성산동),탁구,"126.9078447","37.567797"
276,서울,마포구,세움재활운동센터,"",서울특별시 마포구 성산로 128,마포중앙도서관 지하1층 5호(성산동),헬스,"126.9082019","37.5637955"
277,서울,은평구,수탁구클럽,"02-4705-1164",서울특별시 은평구 은평로 5,"3층 탁구장(신사동)",탁구,"126.9092234","37.5967735"
278,서울,서대문구,스퀘어짐 가좌점,"02-6494-0251",서울특별시 서대문구 수색로 18,B1층 스퀘어짐(남가좌동),헬스,"126.9165989","37.5689576"
279,서울,마포구,마크짐휘트니스,"02-332-3630",서울특별시 마포구 월드컵로 155,"6층 마크짐(망원동)",헬스,"126.9049244","37.5613848"
280,서울,마포구,스마트짐,"02-3151-0377",서울특별시 마포구 월드컵북로 218,지층 헬스장(성산동),기타종목,"126.9049975","37.569505"
281,서울,은평구,에블봄,"02-7576-0828",서울 은평구 가좌로 306,"5층 501호",태권도,"126.9111651","37.5952017"
282,서울,서대문구,이룸기구필라테스,"02-305-7090",서울특별시 서대문구 수색로 20,"4층(남가좌동)",필라테스,"126.9163574","37.5688389"
283,서울,은평구,은평햇살아동발달센터,"02-6348-7575",서울특별시 은평구 증산로 395-16,증산로 371 은평신협 4층,기타종목,"126.912887","37.5918344"
284,서울,은평구,이룸기구필라테스 증산,"02-305-7778",서울특별시 은평구 증산로 325,"3층 이룸기구필라테스(증산동)",필라테스,"126.9111104","37.5856519"
285,서울,은평구,천마태권도장,"02-303-9930",서울특별시 은평구 은평터널로 145,"2층(신사동)",태권도,"126.9061724","37.5921703"
286,서울,서대문구,청솔태권도장,"02-372-3851",서울특별시 서대문구 증가로24바길 70,"2층 청솔태권도(북가좌동)",태권도,"126.9192123","37.5829685"
287,서울,마포구,코리아블랙벨트센터,"02-373-0892",서울특별시 마포구 월드컵북로 496,"2층 코리아블랙벨트센터(상암동)",태권도,"126.8801491","37.5848727"
288,서울,마포구,탁구장,"02-303-6070",서울특별시 마포구 모래내로1길 3,지하1층(성산동),탁구,"126.9038944","37.5645579"
289,서울,서대문구,한국체대 태평양 태권도장,"02-375-4629",서울특별시 서대문구 거북골로 182,지층 태평양 태권도장(북가좌동),태권도,"126.9105572","37.5774329"
290,서울,마포구,한국체대하늘태권도장,"02-309-0805",서울특별시 마포구 월드컵북로 502,"402호,403호(상암동)",태권도,"126.8798702","37.5850443"
291,서울,서대문구,바디인필라테스,"",서울특별시 서대문구 응암로 66,"6층(북가좌동)",필라테스,"126.9108113","37.5788504"
292,서울,서초구,언남문화체육센터,"02-577-7718",서울특별시 서초구 동산로13길 35,언남문화체육센터7층(양재동),수영,"127.0429178","37.4727491"
293,서울,마포구,커브스 상암클럽,"02-6922-2230",서울특별시 마포구 월드컵북로 434,"214호 커브스 상암클럽(상암동)",헬스,"126.8859573","37.5816533"
294,서울,서초구,아이짐플,"02-7758-5021",서울특별시 서초구 서초대로 152-5,진우빌딩 3층 지하1층(방배동),롤러인라인,"126.9987893","37.488924"
295,서울,서초구,스포츠재활 재활PT 운동진정성,"02-599-0926",서울특별시 서초구 서초대로33길 29,"201호, 운동진정성(방배동, 벨라지오)",헬스,"126.9960843","37.4899356"
296,서울,강남구,강남합기도스쿨,"02-572-3325",서울특별시 강남구 남부순환로363길 17,소화빌딩 강남합기도스쿨(도곡동),합기도,"127.037778","37.4863718"
297,서울,서초구,마이더스주니어,"02-584-8464",서울특별시 서초구 방배로 196,지하 1층(방배동),종합체육시설,"126.9918961","37.4910675"
298,서울,서초구,스포니스 양재역점,"",서울특별시 서초구 강남대로 267,지하1층 스포니스 양재역점(서초동),헬스,"127.0323343","37.4871648"
299,서울,강서구,맘결아동발달센터,"",서울특별시 강서구 마곡중앙1로 72,"1동 3층 303호 맘결아동발달센터(마곡동, 마곡엠밸리10단지)",기타종목,"126.8197352","37.5597333"
300,서울,양천구,명품태권도,"02-2699-7730",서울특별시 양천구 월정로 179,"2층 명품태권도(신월동)",태권도,"126.8353536","37.5345973"
301,서울,양천구,목동문화체육센터,"02-2062-1862",서울특별시 양천구 목동중앙본로 73,목동문화체육센터(목동),기타종목,"126.8691104","37.5428045"
302,서울,양천구,목동클라이밍센터,"02-364-8848",서울특별시 양천구 공항대로 596,호용빌딩 지층 목동클라이밍센터(목동),클라이밍(암벽등반),"126.87092","37.5472967"
303,서울,양천구,바디샵필라테스피티,"02-6104-1253",서울특별시 양천구 중앙로 280,"4층(신정동)",필라테스,"126.85274","37.5213805"
304,서울,강서구,바시필라테스 마곡점,"02-3113-2811",서울특별시 강서구 마곡서로 56,"3층 바시필라테스 마곡점(마곡동)",필라테스,"126.8239138","37.558992"
305,서울,강서구,박사 경희대 태권도,"02-2065-5599",서울특별시 강서구 까치산로10길 73,"2층(화곡동)",태권도,"126.847853","37.5408868"
306,서울,양천구,배틀샷그라운드,"07-0872-33219",서울특별시 양천구 목동중앙북로 16-1,"5층 배틀샷그라운드(목동)",기타종목,"126.8655295","37.5482438"
307,서울,양천구,레벨업휘트니스,"",서울특별시 양천구 남부순환로 341,"5층(신월동)",헬스,"126.8282195","37.5366516"
308,서울,강서구,비전태권도장,"02-2608-7789",서울특별시 강서구 곰달래로49길 29,"3층 비전태권도(화곡동)",태권도,"126.8575932","37.5329383"
309,서울,강서구,사단법인 한국평생스포츠코칭협회,"02-2039-9554",서울특별시 강서구 마곡서로 133,"713동 903호(마곡동, 마곡엠밸리7단지)",필라테스,"126.8229812","37.5651924"
310,서울,강서구,서울재활운동센터,"02-6326-0412",서울특별시 강서구 공항대로 190,"3층 302호(마곡동)",필라테스,"126.8286371","37.5590423"
311,서울,강서구,세계복싱체육관,"02-3664-1266",서울특별시 강서구 양천로69길 11,"4층  401호(염창동)",복싱,"126.8703829","37.5531245"
312,서울,강서구,(Adapfit)어댑핏스튜디오_서울점,"02-6677-4545",서울특별시 강서구 마곡중앙8로5길 53,"3층(마곡동)",헬스,"126.8378071","37.5658426"
313,서울,강서구,거북이스포츠클럽,"02-3665-8910",서울특별시 강서구 화곡로 376,"3층(등촌동)",기타종목,"126.8532809","37.5569895"
314,서울,양천구,신월복싱체육관,"02-6082-7002",서울특별시 양천구 남부순환로 365,지하 신월복싱체육관(신월동),복싱,"126.8294692","37.5347608"
315,서울,양천구,양천구시설관리공단(신월문화체육센터),"02-2605-4093",서울특별시 양천구 지양로 47,신월문화체육센터(신월동),기타종목,"126.8350509","37.5198583"
316,서울,양천구,양천탁구클럽,"",서울특별시 양천구 지양로 100,기호프라자203호 양천탁구클럽(신월동),탁구,"126.8317822","37.523797"
317,서울,양천구,한미태권도 신월지점,"02-2602-2670",서울특별시 양천구 오목로 75,"2층 한미태권도(신월동)",태권도,"126.8458382","37.5230689"
318,서울,강서구,용탁구클럽,"02-3665-7942",서울특별시 강서구 공항대로41길 44,지하 1층(등촌동),탁구,"126.8459992","37.5597251"
319,서울,양천구,에이엠번지핏비,"02-2065-2205",서울특별시 양천구 남부순환로 584,"4층(신월동)",요가,"126.8391551","37.5166992"
320,서울,양천구,아라한태권도장,"02-2644-6698",서울특별시 양천구 목동중앙본로3길 10,"2층(목동)",태권도,"126.8688194","37.5391549"
321,서울,강서구,화곡와이어주짓수,"02-6369-2310",서울특별시 강서구 화곡로 128,"2층(화곡동)",주짓수,"126.8360673","37.5402441"
322,서울,강서구,현대태권도,"02-3663-5673",서울특별시 강서구 양천로 507,"상가3층 현대태권도(가양동, 강나루현대아파트)",태권도,"126.8569328","37.5608928"
323,서울,강서구,해빛아동청소년발달센터,"02-2690-1514",서울특별시 강서구 강서로 210,"4,6층(화곡동)",기타종목,"126.8377007","37.5448063"
324,서울,강서구,해맑은태권도장,"02-2065-0887",서울특별시 강서구 강서로31길 52,"2층 해맑은태권도장(화곡동)",태권도,"126.8387779","37.5393275"
325,서울,양천구,한준특공무술,"02-2605-9736",서울특별시 양천구 오목로 41,명수프라자 지하(신월동),합기도,"126.8422117","37.522201"
326,서울,강서구,한국가양 태권도장,"02-3665-9333",서울특별시 강서구 허준로 198,가양프라자 5층 한국가양태권도(가양동),태권도,"126.8602635","37.5613029"
327,서울,양천구,필라테스더랩,"02-2648-0177",서울특별시 양천구 등촌로 32,"501호(목동)",필라테스,"126.8641657","37.5328886"
328,서울,강서구,품태권스쿨,"02-3664-9007",서울특별시 강서구 공항대로59길 41,"2층 품태권스쿨(등촌동)",태권도,"126.863371","37.5535444"
329,서울,강서구,파이널유도멀티짐,"02-6204-6565",서울특별시 강서구 등촌로 17,"3층(화곡동)",유도,"126.8634675","37.5315894"
330,서울,강서구,한미태권도,"02-2602-2670",서울특별시 양천구 오목로 75,"2층 한미태권도(신월동)",태권도,"126.8458382","37.5230689"
331,서울,양천구,태낭태사태권도장 다온관,"02-2698-2492",서울특별시 양천구 중앙로23길 32,"4층 태낭태사 태권도장 다온관(신정동)",태권도,"126.8532891","37.5178321"
332,서울,양천구,태낭태사 태권도,"",서울특별시 양천구 월정로 69,"3층 태낭태사 태권도(신월동)",태권도,"126.8407356","37.5257044"
333,서울,양천구,키즈 엘리트,"02-6929-0079",서울특별시 양천구 목동동로10길 24,지하 1층 키즈엘리트 수영장(신정동),수영,"126.8723647","37.5193552"
334,서울,양천구,코리안탑팀,"02-2647-5104",서울특별시 양천구 신목로 80,"3층(신정동)",복싱,"126.8743889","37.5218662"
335,서울,강서구,커브스까치산클럽,"02-2065-3360",서울특별시 강서구 강서로 36,"3층 커브스까치산(화곡동)",헬스,"126.8473882","37.5311832"
336,서울,양천구,청룡태권도,"02-2693-3869",서울특별시 양천구 지양로 74,남영빌딩 3층 청룡태권도(신월동),태권도,"126.8338237","37.5222657"
337,서울,강서구,유연필라테스,"02-5752-7382",서울특별시 강서구 강서로 177,영빌딩 6층 601호(화곡동),필라테스,"126.8395042","37.5421838"
338,서울,양천구,짐스아동발달센터(목동),"02-2694-8881",서울특별시 양천구 오목로 181,신정빌딩B1(신정동),기타종목,"126.8574704","37.5253759"
339,서울,양천구,좋은세상발달센터,"02-6339-5553",서울특별시 양천구 목동로 173,"4층 좋은세상발달센터(신정동)",기타종목,"126.8646483","37.5239959"
340,서울,양천구,점핑플러스,"",서울특별시 양천구 목동중앙북로12길 12,"2층 점핑플러스(목동)",기타종목,"126.8708201","37.5462317"
341,서울,양천구,용인대한울태권도,"02-2647-7824",서울특별시 양천구 목동중앙북로7길 5,"3층 용인대한울태권도(목동)",태권도,"126.8669885","37.5483786"
342,서울,강서구,용인대 호랑이태권도장,"02-2647-3131",서울특별시 강서구 등촌로39길 6,"3층 용인대호랑이태권도장(등촌동)",태권도,"126.8620485","37.5455957"
343,서울,양천구,용인대 석사 태권도장,"02-2647-2647",서울특별시 양천구 목동중앙본로 97,"2층 용인대석사태권도(목동)",태권도,"126.8705416","37.5444004"
344,서울,양천구,요가나무,"",서울특별시 양천구 오목로10길 7-6,"2층 요가나무(신월동)",요가,"126.8446483","37.5217919"
345,서울,양천구,엣지스마일,"02-2605-7978",서울특별시 양천구 지양로 61,미도빌딩3층(신월동),탁구,"126.8341306","37.5209995"
346,서울,양천구,엘리트핏24,"02-2642-8881",서울특별시 양천구 신목로2길 68,b01(목동),헬스,"126.8773498","37.5238354"
347,서울,양천구,양천구청(양천구민체육센터),"02-2652-1792",서울특별시 양천구 목동동로 87,양천구민체육센터(신정동),헬스,"126.8644252","37.5164776"
348,서울,양천구,목동 고고점핑다이어트,"",서울특별시 양천구 은행정로2길 5,"2층 고고점핑다이어트(신정동)",기타종목,"126.8605947","37.5206636"
349,서울,강서구,까치당구클럽,"",서울특별시 강서구 강서로18나길 1,"2층(화곡동)",당구,"126.847237","37.5341812"
350,서울,양천구,시립목동청소년센터,"02-2642-1318",서울특별시 양천구 목동서로 143,시립목동청소년센터(목동),수영,"126.8755034","37.5307537"
351,서울,양천구,국가대표스타클래스태권도장,"",서울특별시 양천구 목동동로8길 23,"501호(신정동)",태권도,"126.8714868","37.5168559"
352,서울,양천구,곰돌이발달지원센터,"02-2642-2144",서울특별시 양천구 은행정로 5,에벤에셀프라자314호(신정동),헬스,"126.859586","37.5202096"
353,서울,양천구,경희대정석태권도,"",서울특별시 양천구 신정로7길 60-14,대승프라자4층 402호(신정동),태권도,"126.8392709","37.5125524"
354,서울,양천구,경희대석사 비룡태권도,"02-2065-8164",서울특별시 양천구 신정로 312,뉴프라자 5층(신정동),태권도,"126.8555404","37.5132891"
355,서울,성동구,승리특공무술,"02-2281-1001",서울특별시 성동구 무학봉길 77,태원빌딩2층(하왕십리동),합기도,"127.0310842","37.5613202"
356,서울,성동구,아이돌짐,"02-2294-2287",서울특별시 성동구 행당로 79,"대림아파트 리빙프라자동 5층510호 아이돌짐(행당동, 행당동 대림아파트)",롤러인라인,"127.02733","37.55787"
357,서울,성북구,아이엔요가&필라테스 월곡점,"02-6369-5225",서울특별시 성북구 화랑로 91,"지층 1호(하월곡동, 동원빌딩)(하월곡동)",필라테스,"127.0421269","37.6029883"
358,서울,동대문구,용두장안태권도,"02-923-0656",서울특별시 동대문구 약령시로 18,"3층 장안태권도(제기동)",태권도,"127.0317954","37.5825812"
359,서울,성북구,용인대올림픽태권도,"02-924-7934",서울특별시 성북구 종암로23길 17,서울시성북구종암동 종암로23길17원진프라자 용인대올림픽태권도장3층(종암동),태권도,"127.0330256","37.599632"
360,서울,종로구,종로골프존,"02-747-0213",서울특별시 종로구 지봉로5길 7-5,지하1층 골프연습장(창신동)(창신동),골프,"127.0144451","37.573459"
361,서울,종로구,종로구청 구민회관,"02-3672-2530",서울특별시 종로구 지봉로5길 7-5,(창신동),헬스,"127.0144451","37.573459"
362,서울,성북구,종암점핑,"",서울특별시 성북구 종암로24가길 53,"sk아파트상가208호(종암동, 종암에스케이아파트)",기타종목,"127.0365952","37.6015254"
363,서울,성동구,커브스행당클럽,"02-2297-3070",서울특별시 성동구 행당로 87,"506호(대림리빙프라자) 커브스행당클럽(행당동)",에어로빅,"127.0285419","37.5573015"
364,서울,성북구,청마검도관,"03-1929-5977",서울특별시 성북구 종암로 113,지층 청마검도관(종암동),검도,"127.0336637","37.6001446"
365,서울,중구,충무스포츠센터,"02-2280-8400",서울특별시 중구 퇴계로 387,충무스포츠센터(흥인동),기타종목,"127.0148052","37.5659304"
366,서울,성동구,커브스 행당클럽,"02-2297-3070",서울특별시 성동구 행당로 87,대림리빙프라자 506호(행당동),기타종목,"127.0285419","37.5573015"
367,서울,종로구,클래식바디짐,"02-747-1622",서울특별시 종로구 지봉로 87,"지하1층 클래식바디짐(창신동, 창신3동주민센터)",헬스,"127.0151761","37.5778444"
368,서울,성북구,파이널유도멀티짐 성북점,"02-923-1546",서울특별시 성북구 보문로30길 36,엘리트빌딩 3층 파이널유도멀티짐 성북점(안암동1가),유도,"127.0194097","37.5890377"
369,서울,성북구,필라테스B&E,"",서울특별시 성북구 종암로23길 35,"래미안세레니티 아파트 상가B1(종암동, 래미안세레니티)",필라테스,"127.0313424","37.5993452"
370,서울,양천구,CBS 기독교방송 (종합문화센터),"02-2650-7034",서울특별시 양천구 목동서로 159-1,CBS기독교방송 9층(목동),기타종목,"126.8748763","37.5283079"
371,서울,강서구,용인대대명태권도,"02-2662-3007",서울특별시 강서구 마곡서로 133,"713동 205호(마곡동, 마곡엠밸리7단지)",태권도,"126.8229812","37.5651924"
372,서울,강서구,위키즈아동운동발달센터,"02-2662-4754",서울특별시 강서구 공항대로 103,"업무상가동 308호(마곡동, 마곡 엠밸리 9단지)",기타종목,"126.8188664","37.5620749"
373,서울,강서구,이룸케어재활운동센터,"02-6348-0408",서울특별시 강서구 마곡중앙1로 72,"엠타워 408호(마곡동, 마곡엠밸리10단지)",기타종목,"126.8197352","37.5597333"
374,서울,강서구,코끼리아동청소년발달센터(강서지점),"02-2666-7942",서울특별시 강서구 공항대로 190,푸리마타워 5층 501호 코끼리아동청소년발달센터(마곡동),기타종목,"126.8286371","37.5590423"
375,서울,성북구,커브스석관클럽,"02-6956-4230",서울특별시 성북구 돌곶이로 75,"5층(석관동) 커브스석관클럽",에어로빅,"127.0574858","37.6100929"
376,서울,노원구,희망탁구,"",서울특별시 노원구 석계로 67,희망탁구(월계동),탁구,"127.0626021","37.6207114"
377,서울,중랑구,합기도 유락관 호신술,"02-494-1394",서울특별시 중랑구 용마산로 563,진일빌딩5층(신내동),합기도,"127.1002144","37.6012584"
378,서울,중랑구,필복싱짐,"02-3423-3365",서울특별시 중랑구 신내로 193,지하1층 필복싱짐(신내동),복싱,"127.0944357","37.6154962"
379,서울,성북구,태종태권도,"02-909-3797",서울특별시 성북구 한천로101길 36,"301호~3호(장위동)",태권도,"127.0488493","37.6225333"
380,서울,중랑구,코끼리아동청소년발달센터,"02-977-6136",서울특별시 중랑구 동일로 933,"2층 코끼리아동청소년발달센터(묵동)",기타종목,"127.0765736","37.6137336"
381,서울,종로구,필라테스포유,"02-2135-1984",서울특별시 종로구 종로 347,"롯데캐슬 상가 지하1층 필라테스포유(숭인동, 롯데캐슬 천지인)",필라테스,"127.0164919","37.5737459"
382,서울,노원구,차오름태권도장,"02-909-2820",서울특별시 노원구 광운로 43,"2층 차오름태권도장(월계동)",태권도,"127.0590251","37.6213409"
383,서울,노원구,지음발달재활센터,"02-6401-1004",서울특별시 노원구 동일로 986,"102동 211 A호(공릉동, 노원 프레미어스 엠코)",기타종목,"127.076212","37.618481"
384,서울,중랑구,중랑구시설관리공단(중랑구민체육센터),"02-3423-1070",서울특별시 중랑구 신내로15길 197,"4층   중랑구시설관리공단(묵동)",기타종목,"127.0869596","37.6153161"
385,서울,중랑구,중랑구시설관리공단(면목2동체육관),"02-495-5200",서울특별시 중랑구 신내로15길 197,중랑구 겸재로23길 27 4층(면목2동체육관),헬스,"127.0869596","37.6153161"
386,서울,중랑구,중랑검도관,"02-3422-3331",서울특별시 중랑구 봉화산로 209,지층 중랑검도관(신내동),검도,"127.0960925","37.6074427"
387,서울,성북구,주아필라테스,"",서울특별시 성북구 장월로38길 4,"5층 주아필라테스(장위동)",필라테스,"127.0515499","37.6180026"
388,서울,강북구,정무킥복싱합기도,"02-989-2379",서울특별시 강북구 월계로 53-3,체육관(미아동),합기도,"127.0353539","37.6121313"
389,서울,성북구,이룸발달지원센터,"02-942-6473",서울특별시 성북구 오패산로10길 30,"4030호(하월곡동)",기타종목,"127.038457","37.6051346"
390,서울,성북구,이너라인GYM월곡점,"",서울특별시 성북구 장월로1길 57,"3층 헬스장(상월곡동)",헬스,"127.045215","37.6059999"
391,서울,중랑구,원광장애인종합복지관,"02-438-2691",서울특별시 중랑구 신내로 56,원광장애인종합복지관(신내동),댄스(줌바 등),"127.0960122","37.6044209"
392,서울,성북구,용인대 장곡,"02-917-9535",서울특별시 성북구 돌곶이로37길 18,"2층(장위동)",태권도,"127.0474853","37.6167468"
393,서울,노원구,올탁구클럽,"02-2039-0161",서울특별시 노원구 동일로 1051,"5층 올탁구클럽(공릉동)",탁구,"127.0732779","37.6238176"
394,서울,중랑구,아시아당구장,"",서울특별시 중랑구 봉화산로 218,"302호(신내동)",당구,"127.0970527","37.6073834"
395,서울,중랑구,스타점핑다이어트,"",서울특별시 중랑구 신내로 58,"3층 스타점핑(신내동)",기타종목,"127.0957277","37.6043573"
396,서울,중랑구,스타요가,"02-3421-2230",서울특별시 중랑구 봉화산로 194,"4층 스타요가(신내동)",요가,"127.0947162","37.6064552"
397,서울,노원구,사우스포스포츠,"",서울특별시 노원구 광운로 44,"준빌딩3층, 사우스포 복싱클럽(월계동)",복싱,"127.0595003","37.6213407"
398,서울,중랑구,가온길태권도,"02-2209-3666",서울특별시 중랑구 봉화산로 243,"2층(신내동)",태권도,"127.0996582","37.608336"
399,서울,성북구,성북체육관,"02-915-1506",서울특별시 성북구 장월로8가길 42,"3층(장위동)",태권도,"127.049816","37.6112669"
400,서울,성북구,성북구민체육센터,"02-2241-0651",서울특별시 성북구 화랑로13길 144,구민체육센터(하월곡동),헬스,"127.0423063","37.6086213"
401,서울,노원구,(주식회사)박재현재활운동센터,"02-1811-8861",서울특별시 노원구 동일로 986,"102동 2층 213호(공릉동, 노원 프레미어스 엠코)",기타종목,"127.076212","37.618481"
402,서울,노원구,백두산 체육관,"02-949-1717",서울특별시 노원구 동일로198길 36,삼부빌딩 2층(공릉동),태권도,"127.0736546","37.6290323"
403,서울,중랑구,박현미탁구클럽,"07-0422-59277",서울특별시 중랑구 동일로 937,"5층 박현미탁구클럽(묵동)",탁구,"127.0764923","37.6140011"
404,서울,중랑구,몽키즈클라이밍 신내점,"02-3423-3423",서울특별시 중랑구 신내로17길 39,진로아파트 7단지 상가 지하 1층(신내동),클라이밍(암벽등반),"127.0937728","37.6151541"
405,서울,중랑구,마음열기 태권도장,"02-979-0677",서울특별시 중랑구 공릉로12가길 41,"3층 마음열기 태권도장(묵동)",태권도,"127.0816845","37.6175349"
406,서울,중랑구,라인점핑,"02-6956-7372",서울특별시 중랑구 공릉로2길 46,"2층 라인점핑(묵동)",기타종목,"127.0804153","37.6120269"
407,서울,노원구,사우스포복싱클럽,"",서울특별시 노원구 동일로192길 11,하나빌딩5층. 사우스포복싱클럽(공릉동),복싱,"127.0736709","37.6261205"
408,서울,성북구,더-리햅 맞춤재활운동센터,"02-909-3493",서울특별시 성북구 월계로40길 7,센트럴타운4층(장위동),기타종목,"127.048374","37.6229606"
409,서울,강북구,국심검도관(대무관),"02-988-8844",서울특별시 강북구 월계로13길 7,B1(미아동),검도,"127.0345366","37.6116915"
410,서울,노원구,격술원,"",서울특별시 노원구 노원로 29,"상가305호(공릉동, 우성아파트)",태권도,"127.0850709","37.6244827"
411,서울,노원구,박재현재활운동센터,"02-951-8868",서울특별시 노원구 동일로 986,"(공릉동, 노원 프레미어스 엠코)102동 2층 213호",기타종목,"127.076212","37.618481"
412,서울,강서구,디어필라테스,"02-3102-0125",서울특별시 강서구 공항대로 38-4,"4층(공항동)",필라테스,"126.8117603","37.5608514"
413,서울,강서구,마곡레포츠센터/공항동문화체육센터/마곡배드민턴장,"02-3663-7171",서울특별시 강서구 양천로 251,마곡레포츠센터.마곡배드민턴장(마곡동),수영,"126.8321543","37.5731624"
414,서울,강서구,명성태권도,"02-2666-7989",서울특별시 강서구 개화동로23길 94,"2층 명성태권도(방화동)",태권도,"126.8104718","37.5654472"
415,서울,성북구,유니버설 피트니스,"",서울특별시 성북구 성북로6길 12,"204호 유니버설 피트니스(성북동, 성북동 근생·도시형생활주택)",헬스,"127.0051529","37.5899628"
416,서울,종로구,명륜태권도체육관,"02-765-0772",서울시 종로구 혜화로 9길 4,창성빌딩 지층 명류태권도,태권도,"126.9996143","37.5878951"
417,서울,성동구,한국체대 한성태권도,"",서울특별시 성동구 금호산길 42,"2층 한국체대 한성태권도(금호동2가)",태권도,"127.0195156","37.552005"
418,서울,종로구,필라테스마일,"",서울특별시 종로구 성균관로 12,"2층 필라테스마일(명륜2가)",필라테스,"126.9981823","37.5839747"
419,서울,종로구,종로구청 올림픽기념국민생활관,"02-745-6701",서울특별시 종로구 성균관로 91,(혜화동),수영,"126.9988244","37.5904911"
420,서울,서대문구,인왕체육관,"02-391-1984",서울특별시 서대문구 통일로 410,"3층(홍제동)",태권도,"126.9473403","37.5862113"
421,서울,서대문구,운동하기 좋은 날,"02-336-8280",서울특별시 서대문구 연희로 181,지하1층(연희동),헬스,"126.9353243","37.573198"
422,서울,서대문구,에이스복싱,"02-723-0401",서울특별시 서대문구 통일로 436,우원빌딩 4층 1호 에이스복싱(홍제동),복싱,"126.9456465","37.5881465"
423,서울,서대문구,스타칼리 휘트니스,"02-396-8899",서울특별시 서대문구 통일로 413,"7층 스타칼리휘트니스(홍제동)",헬스,"126.9464449","37.5862021"
424,서울,서대문구,(주)스타칼리휘트니스,"02-3141-4477",서울특별시 서대문구 연희로 82,브라운스톤 지하1층 스타칼리휘트니스(연희동),헬스,"126.9302083","37.5652128"
425,서울,서대문구,서울특별시서대문구도시관리공단,"02-360-8686",서울특별시 서대문구 백련사길39,서대문문화체육회관,수영,"126.9315574","37.5807597"
426,서울,서대문구,메디컬필라테스&PT,"",서울특별시 서대문구 홍제원길 15-6,"102호(홍제동, 목련빌라)",필라테스,"126.9476503","37.5871548"
427,서울,서대문구,마카롱PT,"02-2748-3103",서울특별시 서대문구 통일로35길 14-4,제니스오피스텔 B201호 마카롱PT(홍제동),헬스,"126.9458643","37.5865622"
428,서울,영등포구,"365탁구클럽","02-2637-3729",서울특별시 영등포구 선유로 115,(양평동1가),탁구,"126.8901485","37.5243217"
429,서울,영등포구,건강더하기헬스,"02-849-2831",서울특별시 영등포구 도신로 227,"4층 건강더하기헬스(신길동)",헬스,"126.9162603","37.5121385"
430,서울,영등포구,대박점핑,"02-835-8481",서울특별시 영등포구 도신로15길 37,타원밸라움 203호(도림동),기타종목,"126.8962141","37.5082578"
431,서울,영등포구,도림금강태권도장,"02-6925-3335",서울특별시 영등포구 도영로 66,"상가209,210,211호(도림동, 영등포아트자이아파트)",태권도,"126.8998824","37.5108017"
432,서울,영등포구,신길PT,"02-917-1349",서울특별시 영등포구 가마산로 451,용성빌딩4층(신길동),헬스,"126.9065156","37.5058603"
433,서울,영등포구,라온필라테스,"",서울특별시 영등포구 가마산로 449-1,"4층(신길동)",필라테스,"126.9062965","37.5058079"
434,서울,영등포구,서울시립영등포장애인복지관,"02-3667-7979",서울특별시 영등포구 버드나루로 22,(영등포동2가),요가,"126.9129084","37.520858"
435,서울,영등포구,시립문래청소년센터,"02-2167-0100",서울특별시 영등포구 문래로 110,"4층 사무실(문래동3가)",헬스,"126.8940966","37.5188578"
436,서울,영등포구,신길pt,"",서울특별시 영등포구 가마산로 451,"4층 401호 신길 pt",헬스,"126.9065156","37.5058603"
437,서울,영등포구,영등포검도관,"02-832-5040",서울특별시 영등포구 도신로 252,영등포검도관(신길동),검도,"126.9185618","37.5134353"
438,서울,영등포구,영등포구시설관리공단(영등포다목적배드민턴체육관),"02-2630-2995",서울특별시 영등포구 도신로15길 5,배드민턴체육관(도림동),배드민턴,"126.8982002","37.5059713"
439,서울,영등포구,영등포제2스포츠센터,"02-2630-2921",서울특별시 영등포구 국회대로 615,영등포제2스포츠센터(당산동4가),헬스,"126.9027816","37.5266954"
440,서울,영등포구,용인대인성태권도,"02-843-3311",서울특별시 영등포구 도림로 274,"2층(신길동)",태권도,"126.9045274","37.5025038"
441,서울,영등포구,이재일탁구클럽,"02-2069-1400",서울특별시 영등포구 영중로 131-10,"2층 이재일탁구클럽(영등포동8가)",탁구,"126.9045739","37.5283899"
442,서울,영등포구,하이어스풋볼클럽,"",서울특별시 영등포구 영등포로 21,양평빌딩 2층 206호(양평동2가),축구(풋살),"126.8840719","37.5235205"
443,서울,영등포구,한국체대 우신태권도,"02-836-4567",서울특별시 영등포구 신길로 184,"2층 우신태권도(신길동)",태권도,"126.9111031","37.5086247"
444,서울,영등포구,헬스장,"",서울특별시 영등포구 경인로 775,지하 1층 149호 헬스보이짐(문래동3가),헬스,"126.8975368","37.5147464"
445,서울,서대문구,디어미피티,"",서울특별시 서대문구 모래내로 221,"3층 디어미피티(남가좌동)",헬스,"126.9236856","37.574185"
446,서울,서대문구,용인대석사타이거K,"02-396-9123",서울특별시 서대문구 연희로 283,"3층용인대석사 타이거K 태권도장(홍은동)",태권도,"126.9359967","37.5823562"
447,서울,성동구,열린금호교육문화관,"02-2204-7650",서울특별시 성동구 무수막길 69,열린금호교육문화관(금호동2가),기타종목,"127.0198751","37.5527068"
448,서울,중구,파스텔발란스 약수점,"",서울특별시 중구 동호로 180,"4층 파스텔발란스 약수점(신당동)",필라테스,"127.0113291","37.554421"
449,서울,중랑구,참피온 탁구장,"02-491-7535",서울특별시 중랑구 망우로 469,"3층 302호(망우동)",탁구,"127.1043296","37.600781"
450,서울,중구,스타트레인,"02-542-0457",서울특별시 중구 다산로 32,"29동 102호(신당동, 남산타운)",헬스,"127.0097435","37.5500494"
451,서울,송파구,체육진흥팀(국민체육),"02-410-1295",서울특별시 송파구 올림픽로 424,비즈홀(방이동),검도,"127.122959","37.520934"
452,서울,강동구,신창민 심리운동센터,"02-477-2017",서울특별시 강동구 성내로 19,지하1층 신창민 심리운동센터(성내동),기타종목,"127.1228528","37.5303723"
453,서울,송파구,올림픽수영장,"02-2180-3728",서울특별시 송파구 올림픽로 424,올림픽수영장(방이동),헬스,"127.122959","37.520934"
454,서울,종로구,스타점핑,"",서울특별시 종로구 혜화로3길 19,아남아파트상가101호(명륜2가),기타종목,"126.9992187","37.5861218"
455,서울,종로구,성균관태권도1관,"",서울특별시 종로구 혜화로 31,성균관태권도1관(명륜1가),태권도,"126.9994564","37.5883452"
456,서울,종로구,올림픽기념국민생활관,"02-745-6701",서울특별시 종로구 성균관로 91,올림픽기념국민생활관(혜화동),수영,"126.9988244","37.5904911"
457,서울,중구,남산타운문화체육센터,"02-2280-8488",서울특별시 중구 다산로 32,"남산타운문화체육센터 3층(신당동, 남산타운)",기타종목,"127.0097435","37.5500494"
458,서울,성동구,금빛호수 태권도,"02-2232-2073",서울특별시 성동구 동호로 102,상가동 604호 금빛호수 태권도(금호동3가),태권도,"127.0164321","37.5488915"
459,서울,성동구,팀키스,"02-2235-0904",서울특별시 성동구 동호로 100,"상가4층 팀키스(금호동3가, 두산아파트)",헬스,"127.0164657","37.5506428"
460,서울,성북구,경희대 원도 태권도 체육관,"02-924-4330",서울특별시 성북구 성북로4길 52,"스(돈암동, 한신한진아파트)",태권도,"127.0104756","37.5958787"
461,서울,중랑구,숲태권도장,"02-747-6200",서울특별시 중랑구 양원역로14길 19,"5층 숲태권도장(망우동)",태권도,"127.1076262","37.6070321"
462,서울,중랑구,시립망우청소년센터,"02-492-7942",서울특별시 중랑구 송림길 156,망우청소년센터(망우동),수영,"127.1088568","37.6062366"
463,서울,중랑구,이로움필라테스,"",서울특별시 중랑구 양원역로 92,"상가9호 이로움필라테스(망우동, LH서울양원1단지)",필라테스,"127.1062377","37.6085921"
464,서울,서초구,내아이발달센터(서초),"02-7435-2468",서울특별시 서초구 동산로 32,"지하1층 내아이발달센터(양재동, 세정빌)",기타종목,"127.0428021","37.4704077"
465,서울,서초구,국가대표엠티에이태권도,"02-573-6004",서울특별시 서초구 동산로13길 6,"2층(양재동)",태권도,"127.0454002","37.4721853"
466,서울,서초구,굿볼아카데미 주식회사,"02-858-0066",서울특별시 서초구 효령로 330-1,천심빌딩 5층(서초동),기타종목,"127.0204214","37.4858294"
467,서울,서초구,꿈꾸는탁구클럽,"",서울특별시 서초구 바우뫼로6길 46,동우빌딩(우면동),탁구,"127.0273793","37.4688116"
468,서울,강남구,대치통합발달심리센터,"",서울특별시 강남구 선릉로 320,성진빌딩 지하1층,기타종목,"127.0522104","37.4982857"
469,서울,강남구,리비필라테스 평생교육원,"02-575-0717",서울특별시 강남구 언주로 118,"1층 126호(도곡동, 우성캐릭터199)",필라테스,"127.0518632","37.4864448"
470,서울,강남구,(비대면)키핏,"02-000-0000",서울특별시 강남구 선릉로 428,WEWORK 14층(대치동),기타종목,"127.0498757","37.5033533"
471,서울,서초구,용인대태권도,"02-579-8080",서울특별시 서초구 동산로 62,"3층 (양재동)",태권도,"127.0455991","37.4717665"
472,서울,강남구,삼성피트니스,"02-1670-9699",서울특별시 강남구 봉은사로 474,"B1 삼성피트니스(삼성동, 쌍용 플래티넘)",헬스,"127.0519533","37.5123688"
473,서울,강남구,삼성2동복합문화센터,"02-2176-0671",서울특별시 강남구 봉은사로 419,"4층 삼성2동복합문화센터(삼성동)",헬스,"127.04595","37.5112"
474,서울,강남구,스타트레인,"02-542-0457",서울특별시 강남구 논현로 804,서울빌딩 3층 스타트레인(신사동),헬스,"127.0284486","37.5204959"
475,서울,강남구,용인대청목태권도,"02-543-3774",서울특별시 강남구 봉은사로71길 49,"2층(삼성동)",태권도,"127.0487127","37.5153642"
476,서울,강남구,원코르 필라테스 압구정점,"02-512-1225",서울특별시 강남구 압구정로30길 60,"5층(신사동)",필라테스,"127.0288815","37.5234551"
477,서울,강남구,인더비기닝 재활운동센터,"02-2088-2786",서울특별시 강남구 도곡로 419,"2층 인더비기닝 서울본점(대치동)",필라테스,"127.0563325","37.4976776"
478,서울,성동구,도담도담SPORTS,"02-6953-5995",서울특별시 성동구 독서당로 188,대옥빌딩 지하1층 도담도담스포츠(옥수동),기타종목,"127.0121868","37.5422898"
479,서울,성동구,스포츠스타클럽,"",서울특별시 성동구 독서당로 270,대우월드타운상가 305호(금호동4가),농구,"127.0194396","37.5466712"
480,서울,용산구,시바난다요가,"02-790-1866",서울특별시 용산구 한남대로 164,"4층(한남동)",요가,"127.0024951","37.5425691"
481,서울,강서구,문성길복싱클럽,"02-2661-7988",서울특별시 강서구 양천로 104,지층  문성길복싱클럽(방화동),복싱,"126.8154176","37.5732435"
482,서울,강북구,한진 태권도 체육관,"02-984-8109",서울특별시 강북구 오현로 156,"해모로아파트 상가 2층 한진 체육관(번동, 해모로아파트)",태권도,"127.0375124","37.62658"
483,서울,강북구,한양체육관3관,"02-981-1596",서울특별시 강북구 오현로31길 75,"2층 한양 태권도(번동)",태권도,"127.0368309","37.6314959"
484,서울,노원구,한양대용호태권도,"02-975-2004",서울특별시 노원구 동일로 1279,비이상가 2층 208호 한양대용호태권도(중계동),태권도,"127.0640186","37.6430723"
485,서울,강북구,한국체대 누리태권도장,"02-907-8080",서울특별시 강북구 한천로 981,"2층 한국체대 누리태권도장(번동)",태권도,"127.0315815","37.6366555"
486,서울,노원구,하늘꿈아동발달센터,"02-974-6007",서울특별시 노원구 공릉로58길 112,"201, 302호(하계동, 순흥빌라트)",기타종목,"127.0746945","37.6357267"
487,서울,강북구,특공무술 우리도장,"02-987-6190",서울특별시 강북구 도봉로 164,"3층 체육관(미아동)",기타종목,"127.0276426","37.6234255"
488,서울,성북구,키노짐스포츠,"02-931-4040",서울특별시 성북구 정릉로52길 5,지하1층(종암동),농구,"127.030242","37.6037836"
489,서울,도봉구,이끌림아동발달센터,"02-994-0300",서울특별시 도봉구 덕릉로 264,"4층(창동)",기타종목,"127.0403903","37.6407487"
490,서울,노원구,잇요가,"",서울특별시 노원구 섬밭로 258,"5층 잇요가(중계동)",요가,"127.0648461","37.6388763"
491,서울,강북구,용인대태권도체육관,"02-903-0676",서울특별시 강북구 한천로124길 25,"2층 용인대태권도체육관(번동)",태권도,"127.0327954","37.6376308"
492,서울,노원구,올데이필라테스,"02-977-1534",서울특별시 노원구 동일로204가길 34,"225(중계동)",필라테스,"127.06816","37.6407272"
493,서울,노원구,대한태권도,"",서울특별시 노원구 덕릉로60길 188,"3층 대한태권도(월계동)",태권도,"127.0438965","37.6324584"
494,서울,성북구,알파아동발달센터,"02-910-7553",서울특별시 성북구 종암로 166,"상가동 3층 알파아동발달센터(하월곡동, 광남캐스빌아파트)",기타종목,"127.0322705","37.6047189"
495,서울,강북구,씽크엘테니스,"02-981-4620",서울특별시 강북구 삼양로54길 92,씽크엘실내테니스 B1(미아동),테니스,"127.0231524","37.6228973"
496,서울,노원구,스포지움발달체육센터,"",서울특별시 노원구 공릉로58길 23,"2층 스포지움발달체육센터(하계동)",기타종목,"127.0724722","37.6337549"
497,서울,강북구,스트라이크존 미아사거리구장,"02-980-1515",서울특별시 강북구 도봉로10길 12,지하1층(미아동),야구,"127.0308085","37.6131782"
498,서울,강북구,모던폴스튜디오,"",서울특별시 강북구 도봉로 63,지하1층(미아동),기타종목,"127.0297051","37.6147772"
499,서울,강북구,경희키즈태권짐,"02-989-1045",서울특별시 강북구 오현로32길 28,"2층(번동)",태권도,"127.0406846","37.6280232"
500,서울,강북구,성수체육관,"02-982-3317",서울특별시 강북구 도봉로67길 29,"2층 성수태권도(미아동)",태권도,"127.0227704","37.6302891"
501,서울,노원구,석사월드태권도장,"",서울특별시 노원구 동일로 1280,상가2층(중계동),태권도,"127.0657465","37.6434986"
502,서울,강북구,서울특별시강북구도시관리공단,"02-944-2918",서울특별시 강북구 오현로31길 51,"3층 사무실(번동)",농구,"127.0378089","37.6304351"
503,서울,노원구,서울검도관,"02-992-3579",서울특별시 노원구 초안산로5길 12,"월계프라자 3층, 308호 서울검도관(월계동)",검도,"127.0517605","37.6325635"
504,서울,강북구,백두산K타이거즈태권도,"02-6221-3030",서울특별시 강북구 한천로105길 33,유치원상가 2층 백두산K타이거즈태권도(번동),태권도,"127.0458623","37.6255267"
505,서울,강북구,리얼리티세븐댄스학원,"02-989-4111",서울특별시 강북구 도봉로13길 22,"2층(미아동)",댄스(줌바 등),"127.0291986","37.615157"
506,서울,강북구,드림유어바디,"",서울특별시 강북구 도봉로15길 11,"3,4층(미아동)",필라테스,"127.0291318","37.6163599"
507,서울,노원구,대한태권도장,"02-979-5339",서울특별시 노원구 월계로55길 4,"상가2층 201,202호 대한태권도장(월계동)",태권도,"127.0609256","37.631937"
508,서울,강북구,뉴힐링라이프 재활운동센터 강북점,"02-6080-9867",서울특별시 강북구 덕릉로 115,승진빌딩 5층 뉴힐링라이프 재활운동센터 강북점(번동),필라테스,"127.0266552","37.6351308"
509,서울,노원구,뉴탁구클럽,"",서울특별시 노원구 공릉로 235,"3층 뉴탁구클럽(공릉동)",탁구,"127.0759373","37.6301734"
510,서울,노원구,건영볼링센타,"02-3399-5351",서울특별시 노원구 섬밭로 258,지하 2층 건영볼링센타(중계동),볼링,"127.0648461","37.6388763"
511,서울,강북구,강북경희대태권도,"02-984-7724",서울특별시 강북구 도봉로67길 35,"2층 202호(미아동)",태권도,"127.0225464","37.630075"
512,서울,노원구,강무관대호무술체육관,"02-977-0505",서울특별시 노원구 공릉로70길 8-3,"2층(하계동)",복싱,"127.0700587","37.639179"
513,서울,관악구,글로벌태권스쿨,"02-853-4471",서울특별시 관악구 조원로 128,"303호(신림동)",태권도,"126.9166573","37.4851167"
514,서울,동작구,경희대상현태권도,"02-822-4625",서울특별시 동작구 상도로 346-1,"2층 단지내상가 201호 태권도(상도동, 힐스테이트 상도 센트럴파크)",태권도,"126.9511563","37.4958315"
515,서울,관악구,홍짐(hong gym),"",서울특별시 관악구 난곡로 100,"홍짐(신림동, 파로스프라자A동)",헬스,"126.9195348","37.4642923"
516,서울,관악구,호림태권도,"02-5478-8877",서울특별시 관악구 광신길 154,"3층 호림태권도(신림동)",태권도,"126.9270406","37.4655226"
517,서울,관악구,헬스119,"02-875-2119",서울특별시 관악구 광신길 104,산빌딩 3층 헬스119(신림동),헬스,"126.9259993","37.4637619"
518,서울,관악구,퍼스트_knsu 기계체조클럽 & 체육임용실기학원,"02-4998-6280",서울특별시 관악구 양녕로 29,미화빌딩 4층 퍼스트KNSU(봉천동),기타종목,"126.9464107","37.4846787"
519,서울,관악구,팀코리아태권도장,"02-866-4425",서울특별시 관악구 조원로 56,"3층 팀코리아태권도장(신림동)",태권도,"126.9087181","37.4834948"
520,서울,관악구,티에스(T.S)한국체대 한일태권도장,"02-873-5506",서울특별시 관악구 신림로 264,"4층(신림동)",태권도,"126.9326196","37.4787112"
521,서울,관악구,태결검도관,"",서울특별시 관악구 쑥고개로 73-1,"2층(봉천동)",검도,"126.944774","37.4796243"
522,서울,관악구,지에이스포츠센터,"07-0411-19696",서울특별시 관악구 은천로 37,"3층(봉천동)",축구(풋살),"126.9395881","37.4863545"
523,서울,강북구,"419당구장","07-0753-71552",서울특별시 강북구 4.19로11길 7,"3층 419당구장(수유동)",당구,"127.0083169","37.6461189"
524,서울,도봉구,강북남동훈태권도,"02-3491-3911",서울특별시 도봉구 시루봉로12길 6,"3층 태권도(방학동)",태권도,"127.0307496","37.6650972"
525,서울,강북구,강북문화예술회관,"02-944-3061",서울특별시 강북구 삼각산로 85,강북문화예술회관(수유동),수영,"127.0133421","37.6408544"
526,서울,강북구,경희대석사체육관,"02-999-1140",서울특별시 강북구 삼양로100길 20,"3층(수유동)",태권도,"127.0172655","37.6395891"
527,서울,강북구,(주)마이그라운드,"02-902-0123",서울특별시 강북구 도봉로 342,지하2층  강북롤러스케이트(번동),롤러인라인,"127.0261456","37.6380351"
528,서울,강북구,미르태권도,"",서울특별시 강북구 삼양로77가길 6,"2층  미르태권도(수유동)",태권도,"127.0170607","37.6298191"
529,서울,강북구,수유더쎄짐 무에타이킥복싱다이어트,"02-6012-3426",서울특별시 강북구 한천로143길 22,"2층(수유동)",기타종목,"127.0241155","37.6407769"
530,서울,강북구,연세휘트니스태권도장,"02-905-5970",서울특별시 강북구 삼양로 424,"2층(수유동)",기타종목,"127.017134","37.6414233"
531,서울,강북구,요가타운수유교육원,"02-908-7118",서울특별시 강북구 도봉로 353,상목빌딩 5층(수유동),요가,"127.0264545","37.6391326"
532,서울,도봉구,용인대 우리태권도장,"02-956-7713",서울특별시 도봉구 시루봉로 220,"4층(방학동)",태권도,"127.0345244","37.6679206"
533,서울,도봉구,용인대석사 참바른태권도,"02-998-8880",서울특별시 도봉구 우이천로32길 67,"상가3층(쌍문동, 동익파크아파트)",태권도,"127.0249627","37.6518106"
534,서울,도봉구,원투체육관,"02-991-1282",서울특별시 도봉구 도봉로125길 77,"4층 401호 원투체육관(쌍문동)",복싱,"127.0369953","37.6560856"
535,서울,도봉구,은지아동발달센터,"02-956-1723","서울특별시 도봉구 도봉로154길 23 (도봉동, 신성빌딩)",신성빌딩 4/5층,태권도,"127.045434","37.6714115"
536,서울,강북구,이호준탁구클럽,"02-986-1072",서울특별시 강북구 삼양로 361,"3층 이호준탁구클럽(수유동)",탁구,"127.0171011","37.6357618"
537,서울,도봉구,창동 와우필라테스,"02-904-6668",서울특별시 도봉구 마들로11가길 6-25,"2층 와우필라테스(창동, 월가타워)",필라테스,"127.0490676","37.6522164"
538,서울,도봉구,창동탁구클럽,"02-945-2430",서울특별시 도봉구 노해로63길 51,상아프라자 지하1층 창동탁구클럽(창동),탁구,"127.044805","37.6526883"
539,서울,도봉구,창무관,"02-993-8811",서울특별시 도봉구 도봉로 517,선진빌딩 3층 창무관(쌍문동),기타종목,"127.0361099","37.6516194"
540,서울,도봉구,챔피언탁구클럽,"02-999-0779",서울특별시 도봉구 우이천로32길 38,동주빌딩 3층(좌측) 챔피언탁구클럽(쌍문동),탁구,"127.025261","37.6492222"
541,서울,강북구,한울림탁구클럽,"02-983-6258",서울특별시 강북구 도봉로 280,"4층 한울림탁구클럽(미아동)",탁구,"127.0237468","37.6333865"
542,서울,양천구,mnt태권도 스포츠센터,"02-2651-5069",서울특별시 양천구 목동남로4길 26,"5층 MNT태권도(신정동)",태권도,"126.8658085","37.5088257"
543,서울,서대문구,K용인대태권도,"02-391-3376",서울특별시 서대문구 홍은중앙로 89,"3층(홍은동)",태권도,"126.9473706","37.5990313"
544,서울,서대문구,국가대표튼튼태권도,"02-391-3376",서울특별시 서대문구 홍은중앙로 89,"3층 국가대표튼튼태권도(홍은동)",태권도,"126.9473706","37.5990313"
545,서울,종로구,max 스포츠,"02-395-6330",서울특별시 종로구 진흥로 480,"상가2층(신영동, 대아파크빌)",헬스,"126.9604221","37.6054386"
546,서울,은평구,갈현화랑태권도장,"02-354-0456",서울특별시 은평구 통일로87길 19,"4층 갈현화랑태권도장(갈현동)",태권도,"126.9175284","37.62331"
547,서울,은평구,건민체육관,"",서울특별시 은평구 통일로 796,"아파트상가 132호(불광동, 북한산 힐스테이트7차)",태권도,"126.9264534","37.6160938"
548,서울,은평구,구산탁구교실,"02-385-8441",서울특별시 은평구 연서로 128,지하 1층(역촌동),탁구,"126.9171099","37.610087"
549,서울,은평구,나인당구장,"02-356-1838",서울특별시 은평구 진관3로 22,이로운프라자9층(진관동),당구,"126.9191768","37.638944"
550,서울,은평구,다솜운동발달센터,"02-354-5943",서울특별시 은평구 서오릉로 40,(녹번동) 4층 다솜운동발달센터,기타종목,"126.924847","37.6045338"
551,서울,은평구,대조합기도,"02-351-3401",서울특별시 은평구 연서로18길 14,B1 대조합기도(대조동),합기도,"126.9190192","37.6121253"
552,서울,은평구,(주)스포에듀,"02-355-5200",서울특별시 은평구 통일로 1010,로얄마린수영장(진관동),수영,"126.9185713","37.6327972"
553,서울,은평구,대호골프스쿨,"02-356-2346",서울특별시 은평구 불광로 90,"대호프라자 상가 지하 1층(불광동, 대호프라자아파트)",골프,"126.933098","37.6148717"
554,서울,은평구,더블유에스복싱클럽,"02-3147-0111",서울특별시 은평구 연서로 134,지하 1층(역촌동),복싱,"126.9174382","37.6106754"
555,서울,은평구,베스트플러스,"",서울특별시 은평구 불광로 54,지하1층 베스트 플러스(불광동),유도,"126.9315014","37.6118226"
556,서울,은평구,빅브로짐 휘트니스 응암점,"",서울특별시 은평구 은평로 170,"5층 빅브로짐(응암동)",헬스,"126.9266658","37.601101"
557,서울,은평구,서부재활체육센터,"02-388-6622",서울시 은평구 갈현로 11길 30,"191-1 서부재활체육센터",헬스,"126.9068531","37.6057782"
558,서울,은평구,성환태권도,"02-352-2272",서울특별시 은평구 통일로69길 16,"2층(대조동)",태권도,"126.9268684","37.6112298"
559,서울,은평구,스마트댄스아카데미,"02-383-6111",서울특별시 은평구 서오릉로 160,"3층 3호(갈현동)",댄스(줌바 등),"126.9156424","37.612697"
560,서울,은평구,아시아체육관,"02-354-0804",서울특별시 은평구 서오릉로 208,"2층 1호(갈현동)",태권도,"126.911069","37.6143028"
561,서울,은평구,에스핫요가,"02-384-5900",서울특별시 은평구 진관3로 37,"306호(진관동)",요가,"126.9204567","37.6404027"
562,서울,은평구,연광태권도,"02-389-8909",서울특별시 은평구 연서로35길 38,"1층 연광태권도(불광동)",태권도,"126.9251798","37.6240764"
563,서울,은평구,연세파워태권도,"02-384-8888",서울특별시 은평구 은평로8길 29,"지하1층(응암동, 서강스카이빌3)",태권도,"126.919664","37.5978087"
564,서울,은평구,연신내복싱클럽,"02-385-1282",서울특별시 은평구 연서로26길 4,"4층(대조동)",복싱,"126.9199338","37.6171283"
565,서울,은평구,온앤온 피트니스 연신내점,"02-7525-9653",서울특별시 은평구 통일로 869,서연빌딩 4층(갈현동),헬스,"126.919819","37.6203877"
566,서울,은평구,유일탁구클럽,"",서울특별시 은평구 연서로 91,지층(역촌동),탁구,"126.914984","37.6073218"
567,서울,은평구,은평칠텐볼링센터,"02-383-8000",서울특별시 은평구 서오릉로 94,"지하101호 은평칠텐볼링센터(대조동, 삼성타운아파트)",볼링,"126.9217897","37.6088158"
568,서울,은평구,제이에이치짐,"",서울특별시 은평구 통일로 641,지하1층 제이에이치짐(녹번동),헬스,"126.9345622","37.6040229"
569,서울,은평구,제인필라테스,"",서울특별시 은평구 은평로 210,AGM빌딩 2층 제인필라테스(응암동),필라테스,"126.9311399","37.6010249"
570,서울,은평구,종합무예영무관,"02-383-6433",서울특별시 은평구 갈현로 276,"2층(갈현동)",합기도,"126.916908","37.6215047"
571,서울,은평구,트리플짐,"02-383-5550",서울특별시 은평구 역말로 5,"3층(역촌동)",복싱,"126.9109724","37.6057199"
572,서울,은평구,한국체대 남일태권도체육관,"02-383-1908",서울특별시 은평구 역말로 8,남일태권도(역촌동)4층,태권도,"126.9111491","37.6054111"
573,서울,은평구,한국체대수태권도장,"02-351-4731",서울특별시 은평구 갈현로 108,"2층 한국체대 수 태권도장(역촌동)",태권도,"126.9109197","37.6074308"
574,서울,은평구,해봄아동청소년발달센터,"02-352-5857",서울특별시 은평구 진관2로 29-21,드림스퀘어 802호 해봄아동청소년발달센터(진관동),기타종목,"126.9193479","37.6357288"
575,서울,은평구,헬슐랭피트니스,"02-353-1092",서울특별시 은평구 통일로 835,"3층 헬슐랭피트니스(대조동)",헬스,"126.921746","37.6179188"
576,서울,은평구,현중무관 백호합기도,"02-351-4288",서울특별시 은평구 연서로3길 40,B1 현중무관 백호합기도(역촌동),합기도,"126.9113307","37.6030554"
577,서울,은평구,화랑태권도,"02-385-7853",서울특별시 은평구 연서로 37,"3층 화랑태권도(역촌동)",태권도,"126.9155514","37.6025674"
578,서울,은평구,경희대중앙태권도,"02-383-1113",서울특별시 은평구 역말로 37,"201호(역촌동)",태권도,"126.9143559","37.6059802"
579,서울,은평구,라온탁구클럽,"02-384-0582",서울특별시 은평구 서오릉로 115,지하(역촌동),탁구,"126.9192704","37.609786"
580,서울,은평구,에르제주식회사,"02-383-3800",서울특별시 은평구 은평로 200-1,"6층 에르제 스튜디오(응암동, 삼영빌딩)",헬스,"126.9300175","37.6009716"
581,서울,은평구,플라잉 온 필라테스,"02-6015-1100",서울특별시 은평구 연서로3가길 14,"2층(역촌동)",필라테스,"126.9149036","37.6035409"
582,서울,용산구,디아필라테스,"02-790-0810",서울특별시 용산구 서빙고로 17,"용산센트럴파크 해링턴스퀘어 Mall B동, 2층 97호(한강로3가)",필라테스,"126.9678526","37.5257665"
583,서울,용산구,디아필라테스X디아,"02-790-0810",서울특별시 용산구 서빙고로 17,용산센트럴파크 해링턴스퀘어 Mall B동 2층 97호 디아필라테스(한강로3가),필라테스,"126.9678526","37.5257665"
584,서울,마포구,런합정,"",서울특별시 마포구 독막로 18,지하2층 런합정(합정동),기타종목,"126.9152457","37.5483282"
585,서울,용산구,리솜필라테스,"02-790-0311",서울특별시 용산구 이촌로29길 14,"3층 리솜필라테스(한강로3가)",필라테스,"126.9597683","37.5243747"
586,서울,영등포구,주식회사와우스포츠아카데미,"02-786-0955",서울특별시 영등포구 국제금융로 79,"롯데슈퍼 지하1층  와우수영장(여의도동, 한양아파트)",수영,"126.932323","37.5215706"
587,서울,영등포구,캐롬빌리지,"07-0423-33949",서울특별시 영등포구 여의대방로65길 6,센터빌딩 지하2층(여의도동),기타종목,"126.9305418","37.5191892"
588,서울,영등포구,킹스키즈센터,"",서울특별시 영등포구 여의동로 213,"지하 1층 상가 101호, 105호   킹스키즈센터(여의도동, 여의도금호리첸시아)",기타종목,"126.9396473","37.5185998"
589,서울,광진구,광진발달장애인평생교육센터,"02-455-1221",서울특별시 광진구 아차산로 390,"3층(자양동)",볼링,"127.0861555","37.5369205"
590,서울,광진구,광남체육관,"02-446-6262",서울특별시 광진구 아차산로 522,"현대아파트8단지상가 3층 광남태권도(광장동, 현대아파트)",태권도,"127.0999418","37.541883"
591,서울,광진구,경희대강한친구들,"02-444-8736",서울특별시 광진구 광나루로56길 34,현대2단지상가 3층(구의동),태권도,"127.0966512","37.5381387"
592,서울,동작구,MSF GYM,"02-2039-7499",서울특별시 동작구 여의대방로 284,지하1층(대방동),태권도,"126.9253788","37.5118087"
593,서울,동작구,경희대태권스쿨,"02-812-3255",서울특별시 동작구 등용로 127,"대방동 현대아파트 103동 상가 3층 경희대태권스쿨(대방동, 대방동현대아파트)",태권도,"126.9306714","37.5129359"
594,서울,송파구,스웨이댄스 잠실석촌호수점,"02-543-8979",서울특별시 송파구 석촌호수로 284,"B1층 101호(송파동, 현대레이크빌)",댄스(줌바 등),"127.107","37.5107414"
595,서울,광진구,아트스테이무용학원,"02-9958-9238",서울특별시 광진구 천호대로 805,"3층 아트스테이(광장동)",무용(발레 등),"127.10328","37.5457382"
596,서울,송파구,에이원민턴 잠실본동점,"02-417-4209",서울특별시 송파구 백제고분로 91,지하1층 에이원민턴(잠실동),배드민턴,"127.0795058","37.5086574"
597,서울,송파구,오바른짐,"02-415-5857",서울특별시 송파구 백제고분로 270,지하1층(삼전동),기타종목,"127.0962857","37.5022259"
598,서울,송파구,잠실 유도관,"02-424-0715",서울특별시 송파구 올림픽로12길 54,b01(잠실동),유도,"127.0832361","37.5068347"
599,서울,광진구,정무태권도 자양점,"02-458-1468",서울특별시 광진구 뚝섬로 688,"4층 정무태권도(자양동)",태권도,"127.0858252","37.5325191"
600,서울,송파구,정상발달센터 잠실,"02-415-1275",서울특별시 송파구 올림픽로35가길 10,"서울특별시 송파구 올림픽로35가길 10, 잠실 더샵 스타파크 B동 6층 603호(신천동, 잠실 더샵스타파크)",기타종목,"127.1018717","37.5168526"
601,서울,광진구,주식회사 볼링사랑,"02-444-1100",서울특별시 광진구 강변역로 50,동서울터미널 빌딩 6층 그랜드볼링장(구의동),볼링,"127.0942004","37.534538"
602,서울,광진구,타운케이휘트니스,"02-447-1246",서울특별시 광진구 뚝섬로 632,"3층(자양동)",헬스,"127.0797369","37.5317929"
603,서울,광진구,현대태권도장(태권도),"02-446-9433",서울특별시 광진구 자양로15길 59,"2층 현대태권도장(자양동)",태권도,"127.0804313","37.5351205"
604,서울,광진구,아이엔요가 앤 필라테스 자양점,"02-2965-1146",서울특별시 광진구 뚝섬로 613,"3층(자양동)",필라테스,"127.0779507","37.532704"
605,서울,동작구,다짐필라테스 대방역점,"02-3280-2299",서울특별시 동작구 노량진로 4,(대방동),필라테스,"126.9262531","37.5124098"
606,서울,동작구,서울여성플라자스포츠센터,"02-822-2426",서울특별시 동작구 여의대방로54길 18,"1층 스포츠센터(대방동)",헬스,"126.9272242","37.5116167"
607,서울,마포구,에스티에스(STS),"02-334-3922",서울특별시 마포구 월드컵로 43,"2층 에스티에스(STS)(합정동)",태권도,"126.9117469","37.5531585"
608,서울,영등포구,영등포구시설관리공단(영등포 제1스포츠센터),"02-2650-1512",서울특별시 영등포구 신풍로 1,(신길동),헬스,"126.9062946","37.5005379"
609,서울,영등포구,주식회사 피프티핏,"07-0863-36674",서울특별시 영등포구 영등포로 420-6,"1층(신길동)",헬스,"126.9242242","37.5125009"
610,서울,마포구,한국체대 성산태권도,"02-334-7750",서울특별시 마포구 월드컵로5길 74,"2층 한국체대 성산태권도(합정동)",태권도,"126.9085022","37.5507331"
611,서울,강남구,경기검도관,"02-451-9112",서울특별시 강남구 개포로 615,B1 109호 경기검도관(개포동),검도,"127.0756013","37.4926645"
612,서울,강남구,뛰어놀자사회서비스센터,"02-8615-2159",서울특별시 강남구 개포로109길 9,"대치종합상가 2층 201호(개포동, 대치아파트)",탁구,"127.075508","37.4946695"
613,서울,구로구,HJS헬스스튜디오,"02-2615-6889",서울특별시 구로구 천왕로 106,"701,702호(천왕동)",헬스,"126.8385603","37.4860388"
614,서울,구로구,경희대스페셜태권도줄넘기,"02-2066-0606",서울특별시 구로구 천왕로 36,"304호 경희대스페셜태권도줄넘기(천왕동)",태권도,"126.8393789","37.4808802"
615,서울,구로구,구로구발달장애인평생교육센터,"02-2685-9579",서울특별시 구로구 안양천로 552,/ 4-5층 구로구발달장애인평생교육센터(고척동),기타종목,"126.868193","37.4971388"
616,서울,구로구,구로구시설관리공단 50+수영장,"02-2066-1515",서울특별시 구로구 오류로 36-25,"50플러스남부캠퍼스 50플러스 수영장(천왕동)",수영,"126.8417741","37.4884251"
617,서울,구로구,궁동탁구클럽,"",서울특별시 구로구 오리로 1316,"3층(궁동)",탁구,"126.8293621","37.4988215"
618,서울,구로구,더본필라테스,"",서울특별시 구로구 천왕로 36,"2층 203호 더본필라테스(천왕동)",필라테스,"126.8393789","37.4808802"
619,서울,구로구,드라코짐,"",서울특별시 구로구 서해안로 2118,"골든클래스 503,504(항동)",헬스,"126.8247767","37.4812105"
620,서울,구로구,보나필라테스,"02-2842-2772",서울특별시 구로구 개봉로23가길 31,"6층 보나필라테스(개봉동)",필라테스,"126.8580866","37.4953022"
621,서울,구로구,수카건강플러스센터,"02-5064-3523",서울특별시 구로구 오류로 54,(오류동),요가,"126.8400663","37.4895937"
622,서울,구로구,(주)HSSA 서울한영대점,"02-2060-6046",서울특별시 구로구 경인로 290-42,대학본부 1층(개봉동),기타종목,"126.8515463","37.4964113"
623,서울,구로구,고척체육센터,"02-2128-2310",서울특별시 구로구 경인로 430,고척체육센터(고척동),수영,"126.8671719","37.4982889"
624,서울,구로구,아이쿠아 수영장,"02-2611-0054",서울특별시 구로구 개봉로3길 51,제일프라자 지하2층 아이쿠아 수영장(개봉동),수영,"126.853389","37.485985"
625,서울,구로구,요가메이트,"02-2625-5000",서울특별시 구로구 개봉로 34,"2층 요가메이트(개봉동)",필라테스,"126.8564451","37.4886043"
626,서울,구로구,용인대MTA태권도,"02-2066-3338",서울특별시 구로구 천왕로 36,천왕센타프라자 5층 MTA태권도(천왕동),태권도,"126.8393789","37.4808802"
627,서울,구로구,우리들언어체육발달센터,"02-2060-8075",서울특별시 구로구 오리로 1298,궁전빌딩 4층(궁동),기타종목,"126.829555","37.4972916"
628,서울,구로구,이지EG심리감각운동발달센터,"02-2066-2680",서울특별시 구로구 중앙로 64,"2층 이지심리감각운동발달센터(고척동)",기타종목,"126.8627487","37.5037585"
629,서울,구로구,이화태권도,"02-6409-6459",서울특별시 구로구 고척로27길 107,"2층(개봉동)",태권도,"126.8451884","37.5064921"
630,서울,구로구,주식회사 에이치에스 우리사회서비스센터,"02-2060-6046",서울특별시 구로구 경인로 290-42,대학본부 1층(개봉동),기타종목,"126.8515463","37.4964113"
631,서울,구로구,코리아 탑클래스태권도,"02-3666-9950",서울특별시 구로구 서해안로 2293,리더원빌딩 204호 코리아 탑클래스태권도(오류동),태권도,"126.8397451","37.491483"
632,서울,구로구,팀제이짐,"",서울특별시 구로구 경인로20가길 11,지하1층(오류동),헬스,"126.8443995","37.4956484"
633,서울,구로구,패트릭스아웃컴 고척점,"02-2066-8788",서울특별시 구로구 고척로 239,힘찬테크 5층 패트릭스아웃컴(고척동),기타종목,"126.8595806","37.5067064"
634,서울,구로구,한국그룹운동개발원,"02-6369-8004",서울특별시 구로구 경서로 11,"201호(개봉동)",기타종목,"126.8564769","37.4985837"
635,서울,관악구,KTC신성태권도,"02-874-0337",서울특별시 관악구 서림길 22,"3층, 신성태권도(신림동)",태권도,"126.9377575","37.4751117"
636,서울,금천구,The 조은태권도,"02-856-7066",서울특별시 금천구 독산로80길 10,"2층(독산동)",태권도,"126.9036867","37.471046"
637,서울,관악구,경희대 박병호 태권도,"02-882-4485",서울특별시 관악구 국회단지길 7,"4층 경희대박병호태권도(봉천동)",태권도,"126.9392364","37.4866625"
638,서울,금천구,금빛휘트니스센터,"02-802-9685",서울특별시 금천구 금하로 668,금빛휘트니스센터(시흥동),헬스,"126.9044052","37.4526529"
639,서울,관악구,타이거복싱체육관,"02-883-7080",서울특별시 관악구 양녕로 13,"3층 타이거복싱체육관(봉천동)",복싱,"126.9463088","37.4832657"
640,서울,금천구,그루브 댄스학원,"",서울특별시 금천구 독산로 215,"2층 그루브댄스학원(독산동)",무용(발레 등),"126.9017026","37.4659798"
641,서울,관악구,금강태권도,"02-866-5220",서울특별시 관악구 남부순환로151길 41,"2층 금강태권도(신림동)",태권도,"126.915956","37.4836076"
642,서울,금천구,금천검도관,"02-861-0087",서울특별시 금천구 독산로 303,금천검도관(독산동),검도,"126.9031066","37.4737878"
643,서울,금천구,금천구민문화체육센터,"02-861-1313",서울특별시 금천구 독산로54길 188,금천구민문화체육센터(독산동),헬스,"126.907373","37.4700675"
644,서울,금천구,금천체육관,"02-804-7840",서울특별시 금천구 탑골로 15,시흥5동  827-23호 3층(시흥동),태권도,"126.910705","37.4517582"
645,서울,관악구,동방짐헬스피티,"02-871-1800",서울특별시 관악구 호암로26길 17,"2층 동방짐(신림동)",헬스,"126.9346276","37.4707574"
646,서울,관악구,두산은가비태권도장,"02-883-3337",서울특별시 관악구 봉천로 391,두산A상가 4층 두산은가비태권도(봉천동),태권도,"126.9432631","37.4834822"
647,서울,관악구,런서울대입구,"",서울특별시 관악구 남부순환로 1832,지하1층(봉천동),기타종목,"126.9535153","37.4807107"
648,서울,관악구,룩스필라테스 봉천점,"02-5663-1333",서울특별시 관악구 남부순환로 1724,"6층(봉천동)",필라테스,"126.9416417","37.4821833"
649,서울,관악구,바디짐휘트니스,"02-876-0331",서울특별시 관악구 양녕로 29,"1층 카운터(봉천동)",헬스,"126.9464107","37.4846787"
650,서울,관악구,보답아동발달센터,"",서울특별시 관악구 보라매로 21,"7층 701호(봉천동)",기타종목,"126.9267806","37.4913809"
651,서울,관악구,세계태권도체육관,"02-863-4112",서울특별시 관악구 난향길 5,"태성빌딩 5층, 501호(신림동)",태권도,"126.9185668","37.4627392"
652,서울,관악구,신성태권도,"02-855-2810",서울특별시 관악구 남부순환로161가길 6,"2층신성태권도(신림동)",태권도,"126.9185064","37.4852468"
653,서울,금천구,에스-바디워크 필라테스 금천,"02-802-9609",서울특별시 금천구 시흥대로 224,"6층 에스바디워크필라테스(시흥동)",필라테스,"126.9013002","37.4539296"
654,서울,관악구,에이블키즈,"02-6956-0034",서울특별시 관악구 남부순환로218길 27,관전G타워 지하1층(봉천동),기타종목,"126.9504891","37.4800389"
655,서울,금천구,열매점핑허브다이어트,"02-7141-6481",서울특별시 금천구 독산로40길 49,"3층(시흥동)",기타종목,"126.9071731","37.4610298"
656,서울,구로구,한체대국일태권도,"02-865-6205",서울특별시 구로구 구로동로40가길 27-3,"2층(구로동)",태권도,"126.8843387","37.4953021"
657,서울,관악구,옳은필라테스,"",서울특별시 관악구 양녕로 30,청운빌딩 6층(봉천동),필라테스,"126.94695","37.4846139"
658,서울,관악구,용인대 강 태권도,"02-859-0099",서울특별시 관악구 난우길 35,"4층(신림동)",태권도,"126.9176494","37.4758465"
659,서울,금천구,용인대 효 태권도,"02-807-0383",서울특별시 금천구 시흥대로68길 58,"1층 용인대 효 태권도(시흥동)",태권도,"126.9024575","37.4574204"
660,서울,금천구,위너스스포츠센터,"02-891-2747",서울특별시 금천구 시흥대로 296,볼링장 1층(독산동),볼링,"126.899285","37.4596887"
661,서울,관악구,점핑 다이어트,"",서울특별시 관악구 신림로17길 53,지하1층 점핑다이어트(신림동),댄스(줌바 등),"126.9364205","37.4683607"
662,서울,관악구,점핑 다이어트 조원점,"",서울특별시 관악구 조원중앙로 50,"3층 나호(신림동)",기타종목,"126.9076337","37.4834854"
663,서울,관악구,제일아이캔태권도장,"02-6081-8045",서울특별시 관악구 신림로 129,"3층 제일아이캔태권도장(신림동)",태권도,"126.9349431","37.4708683"
664,서울,금천구,하늘체육관,"02-806-7106",서울특별시 금천구 금하로24길 45,"3층 하늘체육관(시흥동)",태권도,"126.9085716","37.4489665"
665,서울,금천구,한누리고려대중태권도장,"02-804-7772",서울특별시 금천구 탑골로 30,"2,3층(시흥동)",태권도,"126.9123909","37.4517693"
666,서울,구로구,해뜰탁구장,"02-4301-7007",서울특별시 구로구 경인로47길 45,B1(고척동),탁구,"126.8655821","37.5010797"
667,서울,구로구,행복한백호태권도,"",서울특별시 구로구 고척로21나길 42,"2층(개봉동)",태권도,"126.8433725","37.5024473"
668,서울,구로구,혁짐,"07-0410-18296",서울특별시 구로구 서해안로 2108,"5층(항동)",헬스,"126.8240092","37.4806109"
669,서울,구로구,경희대드림태권도,"02-2685-0010",서울특별시 구로구 부일로15길 40,"2층 경희대드림태권도(궁동)",태권도,"126.8330619","37.4946991"
670,서울,구로구,리커버리휘트니스,"02-2684-1456",서울특별시 구로구 중앙로14길 15-1,목양교회건물 5층(고척동),헬스,"126.8617167","37.5070291"
671,서울,동작구,정진MBA태권도장,"02-822-7053",서울특별시 동작구 양녕로26길 27,판매시설동 2층(상도동),태권도,"126.9442773","37.4973937"
672,서울,동작구,요가블리스&필라테스 숭실대점,"02-814-1488",서울특별시 동작구 상도로 379,"3층 요가블리스앤필라테스 숭실대점(상도동)",필라테스,"126.9549874","37.4952765"
673,서울,관악구,왕호태권도,"02-877-1245",서울특별시 관악구 인헌6길 16,농협2층 왕호태권도(봉천동),태권도,"126.9660221","37.4741092"
674,서울,동작구,상도스포츠클럽,"02-826-2500",서울특별시 동작구 성대로2길 11,"1층 상도스포츠클럽(상도동)",헬스,"126.9313793","37.4991123"
675,서울,관악구,SRC스포츠센터,"02-871-8232",서울시 관악구 보라매로 44,"2층",수영,"126.9274006","37.4931756"
676,서울,동작구,(주)스포니스 신대방점,"02-2135-4770",서울특별시 동작구 여의대방로22길 132,동화빌딩 3층 스포니스 신대방점(신대방동),헬스,"126.927179","37.4981612"
677,서울,동작구,상도태권도 신상도점,"02-826-1570",서울특별시 동작구 장승배기로 7,"3층 상도태권도(상도동)",태권도,"126.9434217","37.499329"
678,서울,관악구,사회복지법인에스알씨스포츠센터,"02-871-8232",서울특별시 관악구 보라매로 44,"2층 스포츠센터(봉천동)",수영,"126.9274006","37.4931756"
679,서울,동작구,보라매 쉐르빌 탁구장,"",서울특별시 동작구 보라매로5길 43,"지하 1층 쉐르빌 탁구장(신대방동, 보라매삼성쉐르빌)",탁구,"126.9234164","37.4914777"
680,서울,동작구,동작아동발달센터,"02-6398-5999",서울특별시 동작구 보라매로 89,"2층,3층 동작아동발달센터(신대방동)",기타종목,"126.9276576","37.4973748"
681,서울,동작구,더리핏,"02-2088-0787",서울특별시 동작구 상도로 360,지하1층(상도동),기타종목,"126.9530498","37.4965065"
682,서울,관악구,대우태권도,"02-888-4777",서울특별시 관악구 관악로30길 27,"관악푸르지오 상가 2층 206호(봉천동, 관악푸르지오)",태권도,"126.9608926","37.487304"
683,서울,동작구,예스휘트니스센터,"02-3280-3030",서울특별시 동작구 국사봉1길 32,"3층(상도동)",헬스,"126.9303664","37.498814"
684,서울,관악구,경희대 석사 현대 태권도,"02-877-9001",서울특별시 관악구 은천로 93,"벽산블루밍아파트 101동 상가 412,413호(봉천동, 벽산블루밍아파트)",태권도,"126.945049","37.4895169"
685,서울,동작구,"3949당구장","",서울특별시 동작구 보라매로5가길 16,"지하1층 3호(신대방동, 보라매아카데미타워)",당구,"126.924075","37.4913263"
686,서울,금천구,화랑체육관,"02-805-6464",서울특별시 금천구 시흥대로20길 13,"2층 화랑체육관(시흥동)",태권도,"126.9041803","37.4410247"
687,서울,금천구,한국체대 정진태권도,"02-805-8050",서울특별시 금천구 벚꽃로 73,"상가 208호(독산동, 금천현대아파트)",태권도,"126.8902351","37.4625026"
688,서울,금천구,팩토리짐,"02-2098-9679",서울특별시 금천구 두산로 70,A동 T-B201호(독산동),헬스,"126.8956207","37.4689627"
689,서울,금천구,코끼리아동청소년발달센터,"02-893-2808",서울특별시 금천구 시흥대로 399,"5층 515호 코끼리아동청소년발달센터(독산동)",기타종목,"126.8970019","37.4693592"
690,서울,노원구,수락주짓수파라에스트라서울,"",서울특별시 노원구 동일로 1622,"2층 파라에스트라서울(상계동)",주짓수,"127.0559868","37.6729938"
691,서울,노원구,빌리버짐,"02-979-2999",서울특별시 노원구 동일로 1308,정안프라자 B1 빌리버짐(중계동),헬스,"127.064184","37.6459749"
692,서울,노원구,스마일재활운동센터,"02-6339-1633",서울특별시 노원구 한글비석로 444,"4층 410호스마일재활운동센터(상계동)",기타종목,"127.06852","37.6636144"
693,서울,노원구,연세월드태권도,"02-933-2323",서울특별시 노원구 누원로 22,"403호(상계동)",태권도,"127.0530611","37.6871033"
694,서울,노원구,용인대한양태권도장,"02-936-7766",서울특별시 노원구 동일로242길 51,대산빌딩 3층 용인대한양태권도장(상계동),태권도,"127.0582372","37.675005"
695,서울,노원구,임팩트탁구클럽,"",서울특별시 노원구 상계로23길 4,덕원빌딩 지하1층(상계동),탁구,"127.0692843","37.6585595"
696,서울,서대문구,빛요가,"02-379-1919",서울특별시 서대문구 통일로 463,"3층 빛요가(홍제동)",요가,"126.9427531","37.589627"
697,서울,서대문구,경희대백련태권도장,"02-3217-8731",서울특별시 서대문구 연희로41길 71,"2층(홍은동)",태권도,"126.9348088","37.5917437"
698,서울,서대문구,커브스 홍제클럽,"02-393-1330",서울특별시 서대문구 통일로39가길 30,"5층(홍제동)",헬스,"126.9428594","37.5893118"
699,서울,서대문구,매직짐,"02-379-8815",서울특별시 서대문구 통일로 484,유진상가2층 매직짐(홍제동),헬스,"126.9429917","37.5915888"
700,서울,마포구,성미산체육관,"02-324-9875",서울특별시 마포구 월드컵북로15길 31-11,성미산체육관(성산동),배드민턴,"126.9121109","37.5623401"
701,서울,서대문구,동삼체육관,"02-309-3726",서울특별시 서대문구 명지대길 41,"2층(남가좌동)",태권도,"126.9240986","37.5820049"
702,서울,서대문구,스타칼리,"02-379-6399",서울특별시 서대문구 통일로 472,"1~5층(홍제동)",헬스,"126.9427451","37.5905027"
703,서울,은평구,용인대 청솔 태권도,"02-303-2792",서울특별시 은평구 응암로22길 28-6,"5층 용인대 청솔 태권도(응암동)",태권도,"126.9210758","37.5932885"
704,서울,은평구,크로스 복싱 클럽,"02-307-7982",서울특별시 은평구 은평로 46,크로스 복싱클럽 5층(신사동),복싱,"126.9131123","37.5983117"
705,서울,서대문구,피트니스더블유,"02-303-9755",서울특별시 서대문구 증가로 133,"3층(남가좌동)",헬스,"126.9226282","37.5773206"
706,서울,금천구,이20pt,"",서울특별시 금천구 벚꽃로 30,"상가 2층 220호(독산동, 금천 롯데캐슬 골드파크 2차)",헬스,"126.8940287","37.4585128"
707,서울,금천구,워크어게인 재활헬스케어센터,"",서울특별시 금천구 범안로 1130,디지털엠파이어 203호(가산동),헬스,"126.8876739","37.4655207"
708,서울,노원구,N점핑다이어트클럽,"",서울특별시 노원구 한글비석로 415,"3층  N점핑다이어트클럽(상계동)",헬스,"127.0705175","37.6614446"
709,서울,노원구,OB탁구회관,"02-931-7070",서울시 노원구 동일로 1370,현대프라자 지하 1층,탁구,"127.0618793","37.6509222"
710,서울,금천구,팩토리짐독산점,"02-2098-9679",서울특별시 금천구 두산로 70,A동 T-B201호(독산동),헬스,"126.8956207","37.4689627"
711,서울,금천구,아이펀,"",서울특별시 금천구 벚꽃로 30,"417(독산동, 금천 롯데캐슬 골드파크 2차)",태권도,"126.8940287","37.4585128"
712,서울,금천구,밸런스 필라테스,"",서울특별시 금천구 시흥대로 291,"310동 216호 밸런스필라테스(독산동, 금천롯데캐슬골드파크3차)",필라테스,"126.8972935","37.4599811"
713,서울,금천구,금천장애인종합복지관,"02-6912-8000",서울특별시 금천구 시흥대로101길 17,금천장애인종합복지관(독산동),기타종목,"126.8963477","37.4639858"
714,서울,금천구,금천구청(금나래문화체육센터),"02-805-7678",서울특별시 금천구 시흥대로79길 32,금나래문화체육센터(독산동),헬스,"126.8960531","37.4589314"
715,서울,금천구,TOP용인대박사태권도장,"02-898-1551",서울특별시 금천구 한내로 62,"독산한신아파트상가 3층 TOP용인대박사태권도(독산동, 한신아파트)",태권도,"126.8897219","37.4558526"
716,서울,금천구,SBS당구클럽,"",서울특별시 금천구 시흥대로71길 44,"3층(시흥동)",당구,"126.8994473","37.4549954"
717,서울,금천구,sbs당구장,"02-6292-3323",서울특별시 금천구 시흥대로71길 44,"3층sbs당구장(시흥동)",기타종목,"126.8994473","37.4549954"
718,서울,강북구,요가힐엔필라테스,"02-980-0213",서울특별시 강북구 솔샘로 223,삼미빌딩 3층 요가힐엔필라테스(미아동),요가,"127.0175897","37.6202822"
719,서울,서대문구,거산MMA태권도장,"02-3275-1212",서울시 서대문구 세검정로 89,MKA빌딩 2층,기타종목,"126.9486773","37.5957705"
720,서울,강남구,서울특별시립강남주민편익시설,"02-3412-2171",서울특별시 강남구 남부순환로 3318,강남주민편익시설(일원동),헬스,"127.0935988","37.4942316"
721,서울,강남구,수서경희대태권도장,"02-459-5600",서울특별시 강남구 밤고개로1길 22,"401호 수서경희대태권도(수서동)",태권도,"127.1027166","37.4885272"
722,서울,서대문구,아레아필라테스,"02-379-0990",서울특별시 서대문구 세검정로 87-4,필라테스(홍제동),필라테스,"126.9485509","37.5957"
723,서울,노원구,동천재활체육센터,"02-949-9114",서울특별시 노원구 노원로18길 41,동천재활체육센터(하계동),탁구,"127.0728729","37.6445781"
724,서울,동작구,국가대표넘버원태권도,"02-814-5186",서울특별시 동작구 만양로 26,"건영아파트상가218호(상도동, 건영아파트)",태권도,"126.9499848","37.5077626"
725,서울,영등포구,황룡체육관,"",서울특별시 영등포구 대방천로 180,"상가동203호(신길동, 우성2차아파트)",태권도,"126.9109188","37.4981477"
726,서울,영등포구,프라이드필라테스,"02-832-9682",서울특별시 영등포구 여의대방로 95,"4층 프라이드필라테스(신길동)",필라테스,"126.9171529","37.4976542"
727,서울,동작구,파랑새아동발달센터,"02-826-9949",서울특별시 동작구 상도로 301,"지하 1층, 지상 4층 파랑새아동발달센터(상도1동)",기타종목,"126.9499692","37.5009948"
728,서울,동작구,태권박사&스포츠짐,"02-6405-3023",서울특별시 동작구 상도로34길 36-10,"지2층(상도동, 대흥빌딩근생및도시형주택(원룸))",태권도,"126.9447745","37.5036619"
729,서울,동작구,이소영탁구교실,"02-814-7110",서울특별시 동작구 여의대방로 22,"상가동 145, 146호(신대방동, 우성아파트)",탁구,"126.9115326","37.4920816"
730,서울,동작구,우리동작장애인자립생활센터,"02-812-2536",서울특별시 동작구 상도로 43,"지하 1층(대방동, 정원빌딩)",기타종목,"126.9254658","37.5000145"
731,서울,동작구,오케이 복싱,"02-816-1230",서울특별시 동작구 양녕로 257,지하1층 OK복싱(상도1동),복싱,"126.9472949","37.5031673"
732,서울,동작구,예닮필라테스,"",서울특별시 동작구 등용로 73-2,"1층 예닮필라테스(대방동)",필라테스,"126.9321341","37.5078586"
733,서울,영등포구,알파트레이닝센터,"",서울특별시 영등포구 여의대방로 25,"경남아너스빌 상가 B101호(신길동, 보라매 경남아너스빌)",헬스,"126.9103685","37.495069"
734,서울,동작구,아우어리,"07-0753-72540",서울특별시 동작구 여의대방로24길 14,"2층(신대방동)",요가,"126.9210554","37.4980768"
735,서울,동작구,한국체대 용호 태권도,"02-813-3667",서울특별시 동작구 양녕로30길 4,한국체대 용호 태권도(상도동),태권도,"126.9445135","37.4992634"
736,서울,영등포구,신청룡체육관,"02-835-9666",서울특별시 영등포구 신길로16길 11,영신빌딩2층 청룡태권도장(신길동),태권도,"126.9094564","37.4982291"
737,서울,영등포구,사단법인 영등포구스포츠클럽,"02-6265-7330",서울특별시 영등포구 디지털로 413,메리클빌딩 지하1층 (대림동),탁구,"126.9041636","37.4934561"
738,서울,동작구,동작삼일수영장,"02-535-3341",서울특별시 동작구 사당로27길 지하 103,동작삼일수영장(사당동),수영,"126.9574609","37.4949353"
739,서울,영등포구,포스축구아카데미,"",서울특별시 영등포구 디지털로 401,지하 1층 포스축구아카데미(대림동),축구,"126.903243","37.4926229"
740,서울,동작구,상도태권도,"02-821-3152",서울특별시 동작구 상도로22길 46,"2층 상도태권도(상도동)",태권도,"126.937082","37.5014093"
741,서울,동작구,사단법인 글로벌보치아센터,"02-6264-7390",서울특별시 동작구 신대방1가길 38,"105-203(신대방동, 동작상떼빌아파트)",기타종목,"126.9067147","37.4876928"
742,서울,영등포구,보라매태권도,"02-845-9877",서울특별시 영등포구 대방천로 194,"2F 보라매태권도(신길동)",태권도,"126.9124458","37.4988993"
743,서울,동작구,륜태권도,"02-6208-7082",서울특별시 동작구 장승배기로 119,삼거리빌딩401호 륜태권도(노량진동),태권도,"126.9398854","37.5082692"
744,서울,동작구,동작구청(동작구민체육센터),"02-849-0100",서울특별시 동작구 여의대방로16길 53,동작구민체육센터(신대방동),수영,"126.9167552","37.4947228"
745,서울,강남구,스케치바디PT&필라테스,"02-3412-2468",서울특별시 강남구 광평로51길 8,로얄프라자3층 302호(수서동),필라테스,"127.1024711","37.4883738"
746,서울,강남구,용인대예다함태권도,"02-459-7179",서울특별시 강남구 밤고개로21길 69,"3층 용인대예다함태권도(율현동)",태권도,"127.1138956","37.4742272"
747,서울,강남구,용태권도교육관,"02-451-0037",서울특별시 강남구 밤고개로21길 25,"202,203호(자곡동, 래미안포레)",태권도,"127.1097654","37.4754939"
748,서울,마포구,커브스망원클럽,"02-332-9930",서울특별시 마포구 월드컵로 94,"9층 커브스망원클럽(서교동)",에어로빅,"126.9094796","37.5571205"
749,서울,서대문구,홍제미(美)탁구클럽,"02-395-8421",서울특별시 서대문구 세무서7길 12-6,"지하1층(홍제동, 대흥주택)",탁구,"126.9465589","37.5916338"
750,서울,동작구,다짐필라테스 신대방삼거리역점,"02-815-3636",서울특별시 동작구 국사봉1길 11,"4층 다짐필라테스(상도동)",필라테스,"126.929264","37.498998"
751,서울,강남구,어울림운동발달센터,"07-0883-06061",서울특별시 강남구 개포로140길 14,"2층 어울림운동발달센터(일원동)",기타종목,"127.0861456","37.4946592"
752,서울,동작구,가천대상도태권도장,"02-821-2221",서울특별시 동작구 흑석로 11,"2층(상도1동)",태권도,"126.9519089","37.5049704"
753,서울,동작구,경희대 용호태권도,"",서울특별시 동작구 양녕로30길 4,"1층 경희대 용호태권도(상도동)",태권도,"126.9445135","37.4992634"
754,서울,강북구,SK코리아태권도,"02-982-0123",서울특별시 강북구 솔샘로 184,주상가2층 213호SK코리아태권도(미아동),태권도,"127.012925","37.6199404"
755,서울,노원구,용인대백두산태권도,"02-935-6161",서울특별시 노원구 한글비석로5길 62,"8단지상가 2층 용인대백두산태권도(중계동, 중계8단지주공아파트)",태권도,"127.075359","37.6461889"
756,서울,강남구,대왕태권도체육관,"02-445-3434",서울특별시 강남구 헌릉로570길 34,리엔파크프라자 5층 대왕태권도체육관(세곡동),태권도,"127.1034684","37.4631868"
757,서울,강남구,새로운운동발달센터,"02-445-8008",서울특별시 강남구 헌릉로 569,강남리더스프라자606호(세곡동),기타종목,"127.1012408","37.4657595"
758,서울,구로구,대한합기도,"02-862-5753",서울특별시 구로구 가마산로 280,"201호(구로동, 구로2차순영웰라이빌)",합기도,"126.8915795","37.4960691"
759,서울,구로구,고고점핑,"02-6678-8181",서울특별시 구로구 구로중앙로 134,"B1 고고점핑(구로동, 신구로자이나인스에비뉴)",기타종목,"126.8846199","37.4999176"
760,서울,양천구,다사랑아동발달센터,"02-2065-3160",서울특별시 양천구 신정이펜2로 12,"404호(신정동)",기타종목,"126.8328206","37.5126032"
761,서울,강남구,SDTA태권도교육관,"02-3411-0712",서울특별시 강남구 양재대로55길 31,동성빌딩5층(일원동),태권도,"127.0870125","37.4929303"
762,서울,강남구,화랑태권도체육관,"02-3411-9557",서울특별시 강남구 일원로5길 51,"4층 화랑태권도(일원동)",태권도,"127.0843345","37.4922331"
763,서울,성북구,한국체대 고려월드 태권도장,"02-909-0341",서울특별시 성북구 보국문로 19,"푸르지오상가 2층 204,205호(정릉동, 정릉푸르지오아파트)",태권도,"127.0100363","37.6062702"
764,서울,성북구,커브스길음클럽,"02-942-7130",서울특별시 성북구 길음로 20,"4층커브스(길음동)",에어로빅,"127.023066","37.6047272"
765,서울,마포구,서교휘트니스,"02-324-8776",서울특별시 마포구 잔다리로 78,지하1층 서교휘트니스(서교동),헬스,"126.9164321","37.5545258"
766,서울,성북구,고려서진태권도,"02-918-8048",서울특별시 성북구 솔샘로4길 26,"2층 고려서진태권도(정릉동)",태권도,"127.0062293","37.6085493"
767,서울,동작구,국심검도관,"02-584-6820",서울특별시 동작구 사당로16길 7,"4층 국심검도관(사당동)",헬스,"126.9741008","37.4830479"
768,서울,동작구,영아체육관,"02-597-3000",서울특별시 동작구 사당로 170,"2층(사당동)",태권도,"126.9677289","37.4866404"
769,서울,동작구,동작구시설관리공단 사당문화회관,"02-588-4111",서울특별시 동작구 사당로8길 9,사당문화회관(사당동),수영,"126.9696588","37.4847638"
770,서울,동작구,동작구시설관리공단 사당종합체육관,"",서울특별시 동작구 사당로27길 232,사당종합체육관(사당동),헬스,"126.9697426","37.4928063"
771,서울,동작구,사단법인 룩스빛아트컴퍼니,"02-533-4863",서울특별시 동작구 사당로13길 36,지층(사당동),댄스(줌바 등),"126.9721187","37.4856576"
772,서울,관악구,석사경희태권도,"02-586-7676",서울특별시 관악구 남현4길 1,"301호(남현동)",태권도,"126.9766703","37.474972"
773,서울,동작구,영아태권도,"02-597-3000",서울특별시 동작구 사당로 170,"2층 영아태권도(사당동)",태권도,"126.9677289","37.4866404"
774,서울,서초구,태아일체 라온태권도장,"02-577-0355",서울특별시 서초구 청계산로7길 43,"상가동 202호 라온태권도장(신원동, 서초포레스타5단지)",태권도,"127.0571517","37.4515234"
775,서울,서초구,경희대최강태권도,"02-2057-1323",서울특별시 서초구 헌릉로8길 9-8,"2층 경희대최강태권도(내곡동)",태권도,"127.0599237","37.4567153"
776,서울,동작구,해람무예원,"02-815-6102",서울특별시 동작구 현충로 153,한강현대종합상가 3층(흑석동),태권도,"126.970642","37.5060207"
777,서울,동작구,해가든짐,"02-813-6869",서울특별시 동작구 서달로 150,"지하 102호, 해가든짐(흑석동, 이랜드해가든)",헬스,"126.9622064","37.5066681"
778,서울,동작구,요가블리스&필라테스,"02-3280-1588",서울특별시 동작구 현충로 100-1,"3층 요가블리스앤필라테스(흑석동)",필라테스,"126.9647299","37.5076525"
779,서울,용산구,마블복싱스퀘어,"02-797-8865",서울특별시 용산구 이촌로 274,B1 마블복싱스퀘어(이촌동),복싱,"126.9771184","37.5186983"
780,서울,동작구,동작구시설관리공단(흑석체육센터),"02-823-2273",서울특별시 동작구 현충로 73,흑석체육센터(흑석동),기타종목,"126.963469","37.5100566"
781,서울,노원구,김도윤탁구클럽,"02-939-1018",서울특별시 노원구 덕릉로126길 6,"2층 김도윤탁구클럽(상계동)",탁구,"127.0817984","37.6702199"
782,서울,노원구,한양대엘리트태권도장,"02-939-2442",서울특별시 노원구 덕릉로 740,정진빌딩 6층 한양대엘리트태권도(상계동),태권도,"127.0764125","37.6636595"
783,서울,노원구,중앙태권도,"02-9098-7898",서울특별시 노원구 상계로39길 34,"3층(상계동)",태권도,"127.0813289","37.6714316"
784,서울,노원구,엔핑탁구클럽,"02-930-0979",서울특별시 노원구 덕릉로 780,"동아불암아파트상가 2층 201호(상계동, 동아불암아파트)",탁구,"127.0799007","37.6670475"
785,서울,노원구,상계탁구,"",서울특별시 노원구 덕릉로83길 9-20,"3층(중계동)",탁구,"127.073886","37.6596092"
786,서울,노원구,당고개점핑,"",서울특별시 노원구 덕릉로112길 42,"3층(상계동)",기타종목,"127.0798879","37.6663622"
787,서울,노원구,굿볼스튜디오 노원점,"02-938-5949",서울특별시 노원구 덕릉로 725,"3층(중계동)",기타종목,"127.0756239","37.662329"
788,서울,성북구,화랑태권도,"02-909-1807",서울특별시 성북구 보국문로30길 15,"정릉대우아파트 상가 1층(정릉동, 정릉대우아파트)",태권도,"127.0035717","37.6178779"
789,서울,성북구,꿈빛마을 발달센터,"02-7731-0880",서울특별시 성북구 솔샘로17길 8,벧엘교회 내 1층(정릉동),기타종목,"127.0057424","37.61281"
790,서울,용산구,용산청소년센터,"02-749-0102",서울특별시 용산구 이촌로71길 24,"3층 운영사무실(이촌동)",수영,"126.9732","37.5214167"
791,서울,강동구,NK번지필라테스,"02-3358-5890",서울특별시 강동구 아리수로93나길 60,골드프라자 3층(강일동),필라테스,"127.1751791","37.5722862"
792,서울,강동구,강일 퍼스트 태권도장,"02-427-4765",서울특별시 강동구 아리수로93나길 50,"504호505호(강일동)",태권도,"127.174498","37.5720997"
793,서울,강동구,오늘의 GYM,"",서울특별시 강동구 아리수로93나길 26,"201호(강일동)",헬스,"127.1733282","37.5717707"
794,서울,강동구,머슬비치짐,"",서울특별시 강동구 아리수로93나길 54,경서빌딩 3층 머슬비치짐(강일동),헬스,"127.174853","37.5722002"
795,서울,강동구,라비필라테스,"",서울특별시 강동구 아리수로93나길 54,경서프라자 504호(강일동),필라테스,"127.174853","37.5722002"
796,서울,강동구,짱키드짐,"",서울특별시 강동구 아리수로93나길 38,"4층406호 짱키드짐(강일동)",기타종목,"127.1739317","37.5719496"
